ISO-10303-21;
HEADER;
/* Generated by software containing ST-Developer
 * from STEP Tools, Inc. (www.steptools.com) 
 */

FILE_DESCRIPTION(
/* description */ ('STEP AP214'),
/* implementation_level */ '2;1');

FILE_NAME(
/* name */ 'GY-BNO08X.step',
/* time_stamp */ '2025-09-10T13:41:38-05:00',
/* author */ (''),
/* organization */ (''),
/* preprocessor_version */ 'ST-DEVELOPER v20.1',
/* originating_system */ 'Autodesk Translation Framework v14.10.0.0',
/* authorisation */ '');

FILE_SCHEMA (('AUTOMOTIVE_DESIGN { 1 0 10303 214 3 1 1 }'));
ENDSEC;

DATA;
#10=MECHANICAL_DESIGN_GEOMETRIC_PRESENTATION_REPRESENTATION('',(#186,#187,
#188,#189,#190,#191,#192,#193,#194,#195,#196,#197,#198,#199,#200,#201,#202,
#203,#204,#205,#206,#207,#208,#209,#210,#211,#212,#213,#214,#215,#216,#217,
#218,#219,#220,#221,#222,#223,#224,#225,#226,#227,#228,#229,#230,#231,#232,
#233,#234,#235,#236,#237,#238,#239),#4027);
#11=ITEM_DEFINED_TRANSFORMATION($,$,#2443,#2677);
#12=(
REPRESENTATION_RELATIONSHIP($,$,#4038,#4037)
REPRESENTATION_RELATIONSHIP_WITH_TRANSFORMATION(#11)
SHAPE_REPRESENTATION_RELATIONSHIP()
);
#13=CONTEXT_DEPENDENT_SHAPE_REPRESENTATION(#12,#4036);
#14=NEXT_ASSEMBLY_USAGE_OCCURRENCE('GY-BNO08X:1','GY-BNO08X:1',
'GY-BNO08X:1',#4040,#4041,'GY-BNO08X:1');
#15=SHAPE_REPRESENTATION_RELATIONSHIP('SRR','None',#4038,#16);
#16=ADVANCED_BREP_SHAPE_REPRESENTATION('',(#240,#241,#242,#243,#244,#245,
#246,#247,#248,#249,#250,#251,#252,#253,#254),#4026);
#17=CYLINDRICAL_SURFACE('',#2467,1.);
#18=CYLINDRICAL_SURFACE('',#2472,1.);
#19=CYLINDRICAL_SURFACE('',#2477,1.);
#20=CYLINDRICAL_SURFACE('',#2482,1.);
#21=CYLINDRICAL_SURFACE('',#2487,1.);
#22=CYLINDRICAL_SURFACE('',#2492,1.);
#23=CYLINDRICAL_SURFACE('',#2497,1.);
#24=CYLINDRICAL_SURFACE('',#2502,1.);
#25=CYLINDRICAL_SURFACE('',#2507,1.);
#26=CYLINDRICAL_SURFACE('',#2512,1.);
#27=CYLINDRICAL_SURFACE('',#2514,1.5);
#28=CYLINDRICAL_SURFACE('',#2517,1.5);
#29=CYLINDRICAL_SURFACE('',#2528,0.5);
#30=CYLINDRICAL_SURFACE('',#2533,0.75);
#31=CYLINDRICAL_SURFACE('',#2536,0.75);
#32=CYLINDRICAL_SURFACE('',#2539,2.);
#33=CYLINDRICAL_SURFACE('',#2542,2.);
#34=CYLINDRICAL_SURFACE('',#2545,2.);
#35=CYLINDRICAL_SURFACE('',#2548,2.);
#36=CYLINDRICAL_SURFACE('',#2549,0.5);
#37=CYLINDRICAL_SURFACE('',#2553,1.);
#38=CYLINDRICAL_SURFACE('',#2554,0.5);
#39=CYLINDRICAL_SURFACE('',#2558,1.);
#40=CYLINDRICAL_SURFACE('',#2559,0.5);
#41=CYLINDRICAL_SURFACE('',#2563,1.);
#42=CYLINDRICAL_SURFACE('',#2564,0.5);
#43=CYLINDRICAL_SURFACE('',#2568,1.);
#44=CYLINDRICAL_SURFACE('',#2569,0.5);
#45=CYLINDRICAL_SURFACE('',#2573,1.);
#46=CYLINDRICAL_SURFACE('',#2574,0.5);
#47=CYLINDRICAL_SURFACE('',#2578,1.);
#48=CYLINDRICAL_SURFACE('',#2579,0.5);
#49=CYLINDRICAL_SURFACE('',#2583,1.);
#50=CYLINDRICAL_SURFACE('',#2584,0.5);
#51=CYLINDRICAL_SURFACE('',#2588,1.);
#52=CYLINDRICAL_SURFACE('',#2589,0.5);
#53=CYLINDRICAL_SURFACE('',#2593,1.);
#54=CYLINDRICAL_SURFACE('',#2594,0.5);
#55=CYLINDRICAL_SURFACE('',#2598,1.);
#56=FACE_BOUND('',#417,.T.);
#57=FACE_BOUND('',#418,.T.);
#58=FACE_BOUND('',#419,.T.);
#59=FACE_BOUND('',#420,.T.);
#60=FACE_BOUND('',#421,.T.);
#61=FACE_BOUND('',#422,.T.);
#62=FACE_BOUND('',#423,.T.);
#63=FACE_BOUND('',#424,.T.);
#64=FACE_BOUND('',#425,.T.);
#65=FACE_BOUND('',#426,.T.);
#66=FACE_BOUND('',#427,.T.);
#67=FACE_BOUND('',#428,.T.);
#68=FACE_BOUND('',#429,.T.);
#69=FACE_BOUND('',#431,.T.);
#70=FACE_BOUND('',#434,.T.);
#71=FACE_BOUND('',#437,.T.);
#72=FACE_BOUND('',#440,.T.);
#73=FACE_BOUND('',#443,.T.);
#74=FACE_BOUND('',#446,.T.);
#75=FACE_BOUND('',#449,.T.);
#76=FACE_BOUND('',#452,.T.);
#77=FACE_BOUND('',#455,.T.);
#78=FACE_BOUND('',#458,.T.);
#79=FACE_BOUND('',#463,.T.);
#80=FACE_BOUND('',#464,.T.);
#81=FACE_BOUND('',#465,.T.);
#82=FACE_BOUND('',#466,.T.);
#83=FACE_BOUND('',#467,.T.);
#84=FACE_BOUND('',#468,.T.);
#85=FACE_BOUND('',#469,.T.);
#86=FACE_BOUND('',#470,.T.);
#87=FACE_BOUND('',#471,.T.);
#88=FACE_BOUND('',#472,.T.);
#89=FACE_BOUND('',#473,.T.);
#90=FACE_BOUND('',#474,.T.);
#91=FACE_BOUND('',#475,.T.);
#92=FACE_BOUND('',#482,.T.);
#93=FACE_BOUND('',#485,.T.);
#94=FACE_BOUND('',#488,.T.);
#95=FACE_BOUND('',#491,.T.);
#96=FACE_BOUND('',#494,.T.);
#97=FACE_BOUND('',#497,.T.);
#98=FACE_BOUND('',#501,.T.);
#99=FACE_BOUND('',#505,.T.);
#100=FACE_BOUND('',#509,.T.);
#101=FACE_BOUND('',#513,.T.);
#102=FACE_BOUND('',#517,.T.);
#103=FACE_BOUND('',#521,.T.);
#104=FACE_BOUND('',#525,.T.);
#105=FACE_BOUND('',#529,.T.);
#106=FACE_BOUND('',#533,.T.);
#107=FACE_BOUND('',#537,.T.);
#108=CIRCLE('',#2451,1.);
#109=CIRCLE('',#2452,1.);
#110=CIRCLE('',#2453,1.);
#111=CIRCLE('',#2454,1.);
#112=CIRCLE('',#2455,1.);
#113=CIRCLE('',#2456,1.);
#114=CIRCLE('',#2457,1.);
#115=CIRCLE('',#2458,1.);
#116=CIRCLE('',#2459,1.);
#117=CIRCLE('',#2460,1.);
#118=CIRCLE('',#2461,2.);
#119=CIRCLE('',#2462,2.);
#120=CIRCLE('',#2463,0.75);
#121=CIRCLE('',#2465,1.);
#122=CIRCLE('',#2466,0.5);
#123=CIRCLE('',#2468,1.);
#124=CIRCLE('',#2470,1.);
#125=CIRCLE('',#2471,0.5);
#126=CIRCLE('',#2473,1.);
#127=CIRCLE('',#2475,1.);
#128=CIRCLE('',#2476,0.5);
#129=CIRCLE('',#2478,1.);
#130=CIRCLE('',#2480,1.);
#131=CIRCLE('',#2481,0.5);
#132=CIRCLE('',#2483,1.);
#133=CIRCLE('',#2485,1.);
#134=CIRCLE('',#2486,0.5);
#135=CIRCLE('',#2488,1.);
#136=CIRCLE('',#2490,1.);
#137=CIRCLE('',#2491,0.5);
#138=CIRCLE('',#2493,1.);
#139=CIRCLE('',#2495,1.);
#140=CIRCLE('',#2496,0.5);
#141=CIRCLE('',#2498,1.);
#142=CIRCLE('',#2500,1.);
#143=CIRCLE('',#2501,0.5);
#144=CIRCLE('',#2503,1.);
#145=CIRCLE('',#2505,1.);
#146=CIRCLE('',#2506,0.5);
#147=CIRCLE('',#2508,1.);
#148=CIRCLE('',#2510,1.);
#149=CIRCLE('',#2511,0.5);
#150=CIRCLE('',#2513,1.);
#151=CIRCLE('',#2515,1.5);
#152=CIRCLE('',#2516,1.5);
#153=CIRCLE('',#2518,1.5);
#154=CIRCLE('',#2519,1.5);
#155=CIRCLE('',#2521,2.);
#156=CIRCLE('',#2522,2.);
#157=CIRCLE('',#2523,0.75);
#158=CIRCLE('',#2529,0.5);
#159=CIRCLE('',#2530,0.5);
#160=CIRCLE('',#2532,0.75);
#161=CIRCLE('',#2535,0.75);
#162=CIRCLE('',#2538,2.);
#163=CIRCLE('',#2541,2.);
#164=CIRCLE('',#2544,2.);
#165=CIRCLE('',#2547,2.);
#166=CIRCLE('',#2550,0.5);
#167=CIRCLE('',#2552,1.);
#168=CIRCLE('',#2555,0.5);
#169=CIRCLE('',#2557,1.);
#170=CIRCLE('',#2560,0.5);
#171=CIRCLE('',#2562,1.);
#172=CIRCLE('',#2565,0.5);
#173=CIRCLE('',#2567,1.);
#174=CIRCLE('',#2570,0.5);
#175=CIRCLE('',#2572,1.);
#176=CIRCLE('',#2575,0.5);
#177=CIRCLE('',#2577,1.);
#178=CIRCLE('',#2580,0.5);
#179=CIRCLE('',#2582,1.);
#180=CIRCLE('',#2585,0.5);
#181=CIRCLE('',#2587,1.);
#182=CIRCLE('',#2590,0.5);
#183=CIRCLE('',#2592,1.);
#184=CIRCLE('',#2595,0.5);
#185=CIRCLE('',#2597,1.);
#186=STYLED_ITEM('',(#4052),#240);
#187=STYLED_ITEM('',(#4054),#2267);
#188=STYLED_ITEM('',(#4054),#2269);
#189=STYLED_ITEM('',(#4054),#2271);
#190=STYLED_ITEM('',(#4054),#2273);
#191=STYLED_ITEM('',(#4054),#2275);
#192=STYLED_ITEM('',(#4054),#2277);
#193=STYLED_ITEM('',(#4054),#2279);
#194=STYLED_ITEM('',(#4054),#2281);
#195=STYLED_ITEM('',(#4054),#2283);
#196=STYLED_ITEM('',(#4054),#2285);
#197=STYLED_ITEM('',(#4054),#2287);
#198=STYLED_ITEM('',(#4054),#2288);
#199=STYLED_ITEM('',(#4054),#2294);
#200=STYLED_ITEM('',(#4054),#2295);
#201=STYLED_ITEM('',(#4054),#2297);
#202=STYLED_ITEM('',(#4054),#2299);
#203=STYLED_ITEM('',(#4054),#2301);
#204=STYLED_ITEM('',(#4054),#2303);
#205=STYLED_ITEM('',(#4054),#2305);
#206=STYLED_ITEM('',(#4054),#2307);
#207=STYLED_ITEM('',(#4054),#2308);
#208=STYLED_ITEM('',(#4054),#2310);
#209=STYLED_ITEM('',(#4054),#2311);
#210=STYLED_ITEM('',(#4054),#2313);
#211=STYLED_ITEM('',(#4054),#2314);
#212=STYLED_ITEM('',(#4054),#2316);
#213=STYLED_ITEM('',(#4054),#2317);
#214=STYLED_ITEM('',(#4054),#2319);
#215=STYLED_ITEM('',(#4054),#2320);
#216=STYLED_ITEM('',(#4054),#2322);
#217=STYLED_ITEM('',(#4054),#2323);
#218=STYLED_ITEM('',(#4054),#2325);
#219=STYLED_ITEM('',(#4054),#2326);
#220=STYLED_ITEM('',(#4054),#2328);
#221=STYLED_ITEM('',(#4054),#2329);
#222=STYLED_ITEM('',(#4054),#2331);
#223=STYLED_ITEM('',(#4054),#2332);
#224=STYLED_ITEM('',(#4054),#2334);
#225=STYLED_ITEM('',(#4054),#2335);
#226=STYLED_ITEM('',(#4053),#241);
#227=STYLED_ITEM('',(#4055),#242);
#228=STYLED_ITEM('',(#4052),#243);
#229=STYLED_ITEM('',(#4055),#244);
#230=STYLED_ITEM('',(#4052),#245);
#231=STYLED_ITEM('',(#4052),#246);
#232=STYLED_ITEM('',(#4055),#247);
#233=STYLED_ITEM('',(#4055),#248);
#234=STYLED_ITEM('',(#4056),#249);
#235=STYLED_ITEM('',(#4052),#250);
#236=STYLED_ITEM('',(#4052),#251);
#237=STYLED_ITEM('',(#4052),#252);
#238=STYLED_ITEM('',(#4052),#253);
#239=STYLED_ITEM('',(#4055),#254);
#240=MANIFOLD_SOLID_BREP('BNO085',#2415);
#241=MANIFOLD_SOLID_BREP('PCB',#2416);
#242=MANIFOLD_SOLID_BREP('C3',#2417);
#243=MANIFOLD_SOLID_BREP('R3',#2418);
#244=MANIFOLD_SOLID_BREP('C2',#2419);
#245=MANIFOLD_SOLID_BREP('R2',#2420);
#246=MANIFOLD_SOLID_BREP('R5',#2421);
#247=MANIFOLD_SOLID_BREP('C4',#2422);
#248=MANIFOLD_SOLID_BREP('C5',#2423);
#249=MANIFOLD_SOLID_BREP('XAL',#2424);
#250=MANIFOLD_SOLID_BREP('R1',#2425);
#251=MANIFOLD_SOLID_BREP('R4',#2426);
#252=MANIFOLD_SOLID_BREP('R6',#2427);
#253=MANIFOLD_SOLID_BREP('R7',#2428);
#254=MANIFOLD_SOLID_BREP('C6',#2429);
#255=FACE_OUTER_BOUND('',#410,.T.);
#256=FACE_OUTER_BOUND('',#411,.T.);
#257=FACE_OUTER_BOUND('',#412,.T.);
#258=FACE_OUTER_BOUND('',#413,.T.);
#259=FACE_OUTER_BOUND('',#414,.T.);
#260=FACE_OUTER_BOUND('',#415,.T.);
#261=FACE_OUTER_BOUND('',#416,.T.);
#262=FACE_OUTER_BOUND('',#430,.T.);
#263=FACE_OUTER_BOUND('',#432,.T.);
#264=FACE_OUTER_BOUND('',#433,.T.);
#265=FACE_OUTER_BOUND('',#435,.T.);
#266=FACE_OUTER_BOUND('',#436,.T.);
#267=FACE_OUTER_BOUND('',#438,.T.);
#268=FACE_OUTER_BOUND('',#439,.T.);
#269=FACE_OUTER_BOUND('',#441,.T.);
#270=FACE_OUTER_BOUND('',#442,.T.);
#271=FACE_OUTER_BOUND('',#444,.T.);
#272=FACE_OUTER_BOUND('',#445,.T.);
#273=FACE_OUTER_BOUND('',#447,.T.);
#274=FACE_OUTER_BOUND('',#448,.T.);
#275=FACE_OUTER_BOUND('',#450,.T.);
#276=FACE_OUTER_BOUND('',#451,.T.);
#277=FACE_OUTER_BOUND('',#453,.T.);
#278=FACE_OUTER_BOUND('',#454,.T.);
#279=FACE_OUTER_BOUND('',#456,.T.);
#280=FACE_OUTER_BOUND('',#457,.T.);
#281=FACE_OUTER_BOUND('',#459,.T.);
#282=FACE_OUTER_BOUND('',#460,.T.);
#283=FACE_OUTER_BOUND('',#461,.T.);
#284=FACE_OUTER_BOUND('',#462,.T.);
#285=FACE_OUTER_BOUND('',#476,.T.);
#286=FACE_OUTER_BOUND('',#477,.T.);
#287=FACE_OUTER_BOUND('',#478,.T.);
#288=FACE_OUTER_BOUND('',#479,.T.);
#289=FACE_OUTER_BOUND('',#480,.T.);
#290=FACE_OUTER_BOUND('',#481,.T.);
#291=FACE_OUTER_BOUND('',#483,.T.);
#292=FACE_OUTER_BOUND('',#484,.T.);
#293=FACE_OUTER_BOUND('',#486,.T.);
#294=FACE_OUTER_BOUND('',#487,.T.);
#295=FACE_OUTER_BOUND('',#489,.T.);
#296=FACE_OUTER_BOUND('',#490,.T.);
#297=FACE_OUTER_BOUND('',#492,.T.);
#298=FACE_OUTER_BOUND('',#493,.T.);
#299=FACE_OUTER_BOUND('',#495,.T.);
#300=FACE_OUTER_BOUND('',#496,.T.);
#301=FACE_OUTER_BOUND('',#498,.T.);
#302=FACE_OUTER_BOUND('',#499,.T.);
#303=FACE_OUTER_BOUND('',#500,.T.);
#304=FACE_OUTER_BOUND('',#502,.T.);
#305=FACE_OUTER_BOUND('',#503,.T.);
#306=FACE_OUTER_BOUND('',#504,.T.);
#307=FACE_OUTER_BOUND('',#506,.T.);
#308=FACE_OUTER_BOUND('',#507,.T.);
#309=FACE_OUTER_BOUND('',#508,.T.);
#310=FACE_OUTER_BOUND('',#510,.T.);
#311=FACE_OUTER_BOUND('',#511,.T.);
#312=FACE_OUTER_BOUND('',#512,.T.);
#313=FACE_OUTER_BOUND('',#514,.T.);
#314=FACE_OUTER_BOUND('',#515,.T.);
#315=FACE_OUTER_BOUND('',#516,.T.);
#316=FACE_OUTER_BOUND('',#518,.T.);
#317=FACE_OUTER_BOUND('',#519,.T.);
#318=FACE_OUTER_BOUND('',#520,.T.);
#319=FACE_OUTER_BOUND('',#522,.T.);
#320=FACE_OUTER_BOUND('',#523,.T.);
#321=FACE_OUTER_BOUND('',#524,.T.);
#322=FACE_OUTER_BOUND('',#526,.T.);
#323=FACE_OUTER_BOUND('',#527,.T.);
#324=FACE_OUTER_BOUND('',#528,.T.);
#325=FACE_OUTER_BOUND('',#530,.T.);
#326=FACE_OUTER_BOUND('',#531,.T.);
#327=FACE_OUTER_BOUND('',#532,.T.);
#328=FACE_OUTER_BOUND('',#534,.T.);
#329=FACE_OUTER_BOUND('',#535,.T.);
#330=FACE_OUTER_BOUND('',#536,.T.);
#331=FACE_OUTER_BOUND('',#538,.T.);
#332=FACE_OUTER_BOUND('',#539,.T.);
#333=FACE_OUTER_BOUND('',#540,.T.);
#334=FACE_OUTER_BOUND('',#541,.T.);
#335=FACE_OUTER_BOUND('',#542,.T.);
#336=FACE_OUTER_BOUND('',#543,.T.);
#337=FACE_OUTER_BOUND('',#544,.T.);
#338=FACE_OUTER_BOUND('',#545,.T.);
#339=FACE_OUTER_BOUND('',#546,.T.);
#340=FACE_OUTER_BOUND('',#547,.T.);
#341=FACE_OUTER_BOUND('',#548,.T.);
#342=FACE_OUTER_BOUND('',#549,.T.);
#343=FACE_OUTER_BOUND('',#550,.T.);
#344=FACE_OUTER_BOUND('',#551,.T.);
#345=FACE_OUTER_BOUND('',#552,.T.);
#346=FACE_OUTER_BOUND('',#553,.T.);
#347=FACE_OUTER_BOUND('',#554,.T.);
#348=FACE_OUTER_BOUND('',#555,.T.);
#349=FACE_OUTER_BOUND('',#556,.T.);
#350=FACE_OUTER_BOUND('',#557,.T.);
#351=FACE_OUTER_BOUND('',#558,.T.);
#352=FACE_OUTER_BOUND('',#559,.T.);
#353=FACE_OUTER_BOUND('',#560,.T.);
#354=FACE_OUTER_BOUND('',#561,.T.);
#355=FACE_OUTER_BOUND('',#562,.T.);
#356=FACE_OUTER_BOUND('',#563,.T.);
#357=FACE_OUTER_BOUND('',#564,.T.);
#358=FACE_OUTER_BOUND('',#565,.T.);
#359=FACE_OUTER_BOUND('',#566,.T.);
#360=FACE_OUTER_BOUND('',#567,.T.);
#361=FACE_OUTER_BOUND('',#568,.T.);
#362=FACE_OUTER_BOUND('',#569,.T.);
#363=FACE_OUTER_BOUND('',#570,.T.);
#364=FACE_OUTER_BOUND('',#571,.T.);
#365=FACE_OUTER_BOUND('',#572,.T.);
#366=FACE_OUTER_BOUND('',#573,.T.);
#367=FACE_OUTER_BOUND('',#574,.T.);
#368=FACE_OUTER_BOUND('',#575,.T.);
#369=FACE_OUTER_BOUND('',#576,.T.);
#370=FACE_OUTER_BOUND('',#577,.T.);
#371=FACE_OUTER_BOUND('',#578,.T.);
#372=FACE_OUTER_BOUND('',#579,.T.);
#373=FACE_OUTER_BOUND('',#580,.T.);
#374=FACE_OUTER_BOUND('',#581,.T.);
#375=FACE_OUTER_BOUND('',#582,.T.);
#376=FACE_OUTER_BOUND('',#583,.T.);
#377=FACE_OUTER_BOUND('',#584,.T.);
#378=FACE_OUTER_BOUND('',#585,.T.);
#379=FACE_OUTER_BOUND('',#586,.T.);
#380=FACE_OUTER_BOUND('',#587,.T.);
#381=FACE_OUTER_BOUND('',#588,.T.);
#382=FACE_OUTER_BOUND('',#589,.T.);
#383=FACE_OUTER_BOUND('',#590,.T.);
#384=FACE_OUTER_BOUND('',#591,.T.);
#385=FACE_OUTER_BOUND('',#592,.T.);
#386=FACE_OUTER_BOUND('',#593,.T.);
#387=FACE_OUTER_BOUND('',#594,.T.);
#388=FACE_OUTER_BOUND('',#595,.T.);
#389=FACE_OUTER_BOUND('',#596,.T.);
#390=FACE_OUTER_BOUND('',#597,.T.);
#391=FACE_OUTER_BOUND('',#598,.T.);
#392=FACE_OUTER_BOUND('',#599,.T.);
#393=FACE_OUTER_BOUND('',#600,.T.);
#394=FACE_OUTER_BOUND('',#601,.T.);
#395=FACE_OUTER_BOUND('',#602,.T.);
#396=FACE_OUTER_BOUND('',#603,.T.);
#397=FACE_OUTER_BOUND('',#604,.T.);
#398=FACE_OUTER_BOUND('',#605,.T.);
#399=FACE_OUTER_BOUND('',#606,.T.);
#400=FACE_OUTER_BOUND('',#607,.T.);
#401=FACE_OUTER_BOUND('',#608,.T.);
#402=FACE_OUTER_BOUND('',#609,.T.);
#403=FACE_OUTER_BOUND('',#610,.T.);
#404=FACE_OUTER_BOUND('',#611,.T.);
#405=FACE_OUTER_BOUND('',#612,.T.);
#406=FACE_OUTER_BOUND('',#613,.T.);
#407=FACE_OUTER_BOUND('',#614,.T.);
#408=FACE_OUTER_BOUND('',#615,.T.);
#409=FACE_OUTER_BOUND('',#616,.T.);
#410=EDGE_LOOP('',(#1550,#1551,#1552,#1553));
#411=EDGE_LOOP('',(#1554,#1555,#1556,#1557));
#412=EDGE_LOOP('',(#1558,#1559,#1560,#1561));
#413=EDGE_LOOP('',(#1562,#1563,#1564,#1565));
#414=EDGE_LOOP('',(#1566,#1567,#1568,#1569));
#415=EDGE_LOOP('',(#1570,#1571,#1572,#1573));
#416=EDGE_LOOP('',(#1574,#1575,#1576,#1577));
#417=EDGE_LOOP('',(#1578));
#418=EDGE_LOOP('',(#1579));
#419=EDGE_LOOP('',(#1580));
#420=EDGE_LOOP('',(#1581));
#421=EDGE_LOOP('',(#1582));
#422=EDGE_LOOP('',(#1583));
#423=EDGE_LOOP('',(#1584));
#424=EDGE_LOOP('',(#1585));
#425=EDGE_LOOP('',(#1586));
#426=EDGE_LOOP('',(#1587));
#427=EDGE_LOOP('',(#1588));
#428=EDGE_LOOP('',(#1589));
#429=EDGE_LOOP('',(#1590));
#430=EDGE_LOOP('',(#1591));
#431=EDGE_LOOP('',(#1592));
#432=EDGE_LOOP('',(#1593,#1594,#1595,#1596));
#433=EDGE_LOOP('',(#1597));
#434=EDGE_LOOP('',(#1598));
#435=EDGE_LOOP('',(#1599,#1600,#1601,#1602));
#436=EDGE_LOOP('',(#1603));
#437=EDGE_LOOP('',(#1604));
#438=EDGE_LOOP('',(#1605,#1606,#1607,#1608));
#439=EDGE_LOOP('',(#1609));
#440=EDGE_LOOP('',(#1610));
#441=EDGE_LOOP('',(#1611,#1612,#1613,#1614));
#442=EDGE_LOOP('',(#1615));
#443=EDGE_LOOP('',(#1616));
#444=EDGE_LOOP('',(#1617,#1618,#1619,#1620));
#445=EDGE_LOOP('',(#1621));
#446=EDGE_LOOP('',(#1622));
#447=EDGE_LOOP('',(#1623,#1624,#1625,#1626));
#448=EDGE_LOOP('',(#1627));
#449=EDGE_LOOP('',(#1628));
#450=EDGE_LOOP('',(#1629,#1630,#1631,#1632));
#451=EDGE_LOOP('',(#1633));
#452=EDGE_LOOP('',(#1634));
#453=EDGE_LOOP('',(#1635,#1636,#1637,#1638));
#454=EDGE_LOOP('',(#1639));
#455=EDGE_LOOP('',(#1640));
#456=EDGE_LOOP('',(#1641,#1642,#1643,#1644));
#457=EDGE_LOOP('',(#1645));
#458=EDGE_LOOP('',(#1646));
#459=EDGE_LOOP('',(#1647,#1648,#1649,#1650));
#460=EDGE_LOOP('',(#1651,#1652,#1653,#1654));
#461=EDGE_LOOP('',(#1655,#1656,#1657,#1658));
#462=EDGE_LOOP('',(#1659,#1660,#1661,#1662));
#463=EDGE_LOOP('',(#1663));
#464=EDGE_LOOP('',(#1664));
#465=EDGE_LOOP('',(#1665));
#466=EDGE_LOOP('',(#1666));
#467=EDGE_LOOP('',(#1667));
#468=EDGE_LOOP('',(#1668));
#469=EDGE_LOOP('',(#1669));
#470=EDGE_LOOP('',(#1670));
#471=EDGE_LOOP('',(#1671));
#472=EDGE_LOOP('',(#1672));
#473=EDGE_LOOP('',(#1673));
#474=EDGE_LOOP('',(#1674));
#475=EDGE_LOOP('',(#1675));
#476=EDGE_LOOP('',(#1676,#1677,#1678,#1679));
#477=EDGE_LOOP('',(#1680,#1681,#1682,#1683));
#478=EDGE_LOOP('',(#1684,#1685,#1686,#1687));
#479=EDGE_LOOP('',(#1688,#1689,#1690,#1691));
#480=EDGE_LOOP('',(#1692,#1693,#1694,#1695));
#481=EDGE_LOOP('',(#1696));
#482=EDGE_LOOP('',(#1697));
#483=EDGE_LOOP('',(#1698,#1699,#1700,#1701));
#484=EDGE_LOOP('',(#1702));
#485=EDGE_LOOP('',(#1703));
#486=EDGE_LOOP('',(#1704,#1705,#1706,#1707));
#487=EDGE_LOOP('',(#1708));
#488=EDGE_LOOP('',(#1709));
#489=EDGE_LOOP('',(#1710,#1711,#1712,#1713));
#490=EDGE_LOOP('',(#1714));
#491=EDGE_LOOP('',(#1715));
#492=EDGE_LOOP('',(#1716,#1717,#1718,#1719));
#493=EDGE_LOOP('',(#1720));
#494=EDGE_LOOP('',(#1721));
#495=EDGE_LOOP('',(#1722,#1723,#1724,#1725));
#496=EDGE_LOOP('',(#1726));
#497=EDGE_LOOP('',(#1727));
#498=EDGE_LOOP('',(#1728,#1729,#1730,#1731));
#499=EDGE_LOOP('',(#1732,#1733,#1734,#1735));
#500=EDGE_LOOP('',(#1736));
#501=EDGE_LOOP('',(#1737));
#502=EDGE_LOOP('',(#1738,#1739,#1740,#1741));
#503=EDGE_LOOP('',(#1742,#1743,#1744,#1745));
#504=EDGE_LOOP('',(#1746));
#505=EDGE_LOOP('',(#1747));
#506=EDGE_LOOP('',(#1748,#1749,#1750,#1751));
#507=EDGE_LOOP('',(#1752,#1753,#1754,#1755));
#508=EDGE_LOOP('',(#1756));
#509=EDGE_LOOP('',(#1757));
#510=EDGE_LOOP('',(#1758,#1759,#1760,#1761));
#511=EDGE_LOOP('',(#1762,#1763,#1764,#1765));
#512=EDGE_LOOP('',(#1766));
#513=EDGE_LOOP('',(#1767));
#514=EDGE_LOOP('',(#1768,#1769,#1770,#1771));
#515=EDGE_LOOP('',(#1772,#1773,#1774,#1775));
#516=EDGE_LOOP('',(#1776));
#517=EDGE_LOOP('',(#1777));
#518=EDGE_LOOP('',(#1778,#1779,#1780,#1781));
#519=EDGE_LOOP('',(#1782,#1783,#1784,#1785));
#520=EDGE_LOOP('',(#1786));
#521=EDGE_LOOP('',(#1787));
#522=EDGE_LOOP('',(#1788,#1789,#1790,#1791));
#523=EDGE_LOOP('',(#1792,#1793,#1794,#1795));
#524=EDGE_LOOP('',(#1796));
#525=EDGE_LOOP('',(#1797));
#526=EDGE_LOOP('',(#1798,#1799,#1800,#1801));
#527=EDGE_LOOP('',(#1802,#1803,#1804,#1805));
#528=EDGE_LOOP('',(#1806));
#529=EDGE_LOOP('',(#1807));
#530=EDGE_LOOP('',(#1808,#1809,#1810,#1811));
#531=EDGE_LOOP('',(#1812,#1813,#1814,#1815));
#532=EDGE_LOOP('',(#1816));
#533=EDGE_LOOP('',(#1817));
#534=EDGE_LOOP('',(#1818,#1819,#1820,#1821));
#535=EDGE_LOOP('',(#1822,#1823,#1824,#1825));
#536=EDGE_LOOP('',(#1826));
#537=EDGE_LOOP('',(#1827));
#538=EDGE_LOOP('',(#1828,#1829,#1830,#1831));
#539=EDGE_LOOP('',(#1832,#1833,#1834,#1835));
#540=EDGE_LOOP('',(#1836,#1837,#1838,#1839));
#541=EDGE_LOOP('',(#1840,#1841,#1842,#1843));
#542=EDGE_LOOP('',(#1844,#1845,#1846,#1847));
#543=EDGE_LOOP('',(#1848,#1849,#1850,#1851));
#544=EDGE_LOOP('',(#1852,#1853,#1854,#1855));
#545=EDGE_LOOP('',(#1856,#1857,#1858,#1859));
#546=EDGE_LOOP('',(#1860,#1861,#1862,#1863));
#547=EDGE_LOOP('',(#1864,#1865,#1866,#1867));
#548=EDGE_LOOP('',(#1868,#1869,#1870,#1871));
#549=EDGE_LOOP('',(#1872,#1873,#1874,#1875));
#550=EDGE_LOOP('',(#1876,#1877,#1878,#1879));
#551=EDGE_LOOP('',(#1880,#1881,#1882,#1883));
#552=EDGE_LOOP('',(#1884,#1885,#1886,#1887));
#553=EDGE_LOOP('',(#1888,#1889,#1890,#1891));
#554=EDGE_LOOP('',(#1892,#1893,#1894,#1895));
#555=EDGE_LOOP('',(#1896,#1897,#1898,#1899));
#556=EDGE_LOOP('',(#1900,#1901,#1902,#1903));
#557=EDGE_LOOP('',(#1904,#1905,#1906,#1907));
#558=EDGE_LOOP('',(#1908,#1909,#1910,#1911));
#559=EDGE_LOOP('',(#1912,#1913,#1914,#1915));
#560=EDGE_LOOP('',(#1916,#1917,#1918,#1919));
#561=EDGE_LOOP('',(#1920,#1921,#1922,#1923));
#562=EDGE_LOOP('',(#1924,#1925,#1926,#1927));
#563=EDGE_LOOP('',(#1928,#1929,#1930,#1931));
#564=EDGE_LOOP('',(#1932,#1933,#1934,#1935));
#565=EDGE_LOOP('',(#1936,#1937,#1938,#1939));
#566=EDGE_LOOP('',(#1940,#1941,#1942,#1943));
#567=EDGE_LOOP('',(#1944,#1945,#1946,#1947));
#568=EDGE_LOOP('',(#1948,#1949,#1950,#1951));
#569=EDGE_LOOP('',(#1952,#1953,#1954,#1955));
#570=EDGE_LOOP('',(#1956,#1957,#1958,#1959));
#571=EDGE_LOOP('',(#1960,#1961,#1962,#1963));
#572=EDGE_LOOP('',(#1964,#1965,#1966,#1967));
#573=EDGE_LOOP('',(#1968,#1969,#1970,#1971));
#574=EDGE_LOOP('',(#1972,#1973,#1974,#1975));
#575=EDGE_LOOP('',(#1976,#1977,#1978,#1979));
#576=EDGE_LOOP('',(#1980,#1981,#1982,#1983));
#577=EDGE_LOOP('',(#1984,#1985,#1986,#1987));
#578=EDGE_LOOP('',(#1988,#1989,#1990,#1991));
#579=EDGE_LOOP('',(#1992,#1993,#1994,#1995));
#580=EDGE_LOOP('',(#1996,#1997,#1998,#1999));
#581=EDGE_LOOP('',(#2000,#2001,#2002,#2003));
#582=EDGE_LOOP('',(#2004,#2005,#2006,#2007));
#583=EDGE_LOOP('',(#2008,#2009,#2010,#2011));
#584=EDGE_LOOP('',(#2012,#2013,#2014,#2015));
#585=EDGE_LOOP('',(#2016,#2017,#2018,#2019));
#586=EDGE_LOOP('',(#2020,#2021,#2022,#2023));
#587=EDGE_LOOP('',(#2024,#2025,#2026,#2027));
#588=EDGE_LOOP('',(#2028,#2029,#2030,#2031));
#589=EDGE_LOOP('',(#2032,#2033,#2034,#2035));
#590=EDGE_LOOP('',(#2036,#2037,#2038,#2039));
#591=EDGE_LOOP('',(#2040,#2041,#2042,#2043));
#592=EDGE_LOOP('',(#2044,#2045,#2046,#2047));
#593=EDGE_LOOP('',(#2048,#2049,#2050,#2051));
#594=EDGE_LOOP('',(#2052,#2053,#2054,#2055));
#595=EDGE_LOOP('',(#2056,#2057,#2058,#2059));
#596=EDGE_LOOP('',(#2060,#2061,#2062,#2063));
#597=EDGE_LOOP('',(#2064,#2065,#2066,#2067));
#598=EDGE_LOOP('',(#2068,#2069,#2070,#2071));
#599=EDGE_LOOP('',(#2072,#2073,#2074,#2075));
#600=EDGE_LOOP('',(#2076,#2077,#2078,#2079));
#601=EDGE_LOOP('',(#2080,#2081,#2082,#2083));
#602=EDGE_LOOP('',(#2084,#2085,#2086,#2087));
#603=EDGE_LOOP('',(#2088,#2089,#2090,#2091));
#604=EDGE_LOOP('',(#2092,#2093,#2094,#2095));
#605=EDGE_LOOP('',(#2096,#2097,#2098,#2099));
#606=EDGE_LOOP('',(#2100,#2101,#2102,#2103));
#607=EDGE_LOOP('',(#2104,#2105,#2106,#2107));
#608=EDGE_LOOP('',(#2108,#2109,#2110,#2111));
#609=EDGE_LOOP('',(#2112,#2113,#2114,#2115));
#610=EDGE_LOOP('',(#2116,#2117,#2118,#2119));
#611=EDGE_LOOP('',(#2120,#2121,#2122,#2123));
#612=EDGE_LOOP('',(#2124,#2125,#2126,#2127));
#613=EDGE_LOOP('',(#2128,#2129,#2130,#2131));
#614=EDGE_LOOP('',(#2132,#2133,#2134,#2135));
#615=EDGE_LOOP('',(#2136,#2137,#2138,#2139));
#616=EDGE_LOOP('',(#2140,#2141,#2142,#2143));
#617=LINE('',#3374,#836);
#618=LINE('',#3376,#837);
#619=LINE('',#3378,#838);
#620=LINE('',#3379,#839);
#621=LINE('',#3382,#840);
#622=LINE('',#3384,#841);
#623=LINE('',#3385,#842);
#624=LINE('',#3388,#843);
#625=LINE('',#3389,#844);
#626=LINE('',#3392,#845);
#627=LINE('',#3393,#846);
#628=LINE('',#3395,#847);
#629=LINE('',#3400,#848);
#630=LINE('',#3402,#849);
#631=LINE('',#3404,#850);
#632=LINE('',#3405,#851);
#633=LINE('',#3439,#852);
#634=LINE('',#3448,#853);
#635=LINE('',#3457,#854);
#636=LINE('',#3466,#855);
#637=LINE('',#3475,#856);
#638=LINE('',#3484,#857);
#639=LINE('',#3493,#858);
#640=LINE('',#3502,#859);
#641=LINE('',#3511,#860);
#642=LINE('',#3520,#861);
#643=LINE('',#3526,#862);
#644=LINE('',#3532,#863);
#645=LINE('',#3537,#864);
#646=LINE('',#3539,#865);
#647=LINE('',#3541,#866);
#648=LINE('',#3542,#867);
#649=LINE('',#3550,#868);
#650=LINE('',#3551,#869);
#651=LINE('',#3553,#870);
#652=LINE('',#3555,#871);
#653=LINE('',#3561,#872);
#654=LINE('',#3567,#873);
#655=LINE('',#3572,#874);
#656=LINE('',#3577,#875);
#657=LINE('',#3582,#876);
#658=LINE('',#3587,#877);
#659=LINE('',#3592,#878);
#660=LINE('',#3596,#879);
#661=LINE('',#3601,#880);
#662=LINE('',#3605,#881);
#663=LINE('',#3610,#882);
#664=LINE('',#3614,#883);
#665=LINE('',#3619,#884);
#666=LINE('',#3623,#885);
#667=LINE('',#3628,#886);
#668=LINE('',#3632,#887);
#669=LINE('',#3637,#888);
#670=LINE('',#3641,#889);
#671=LINE('',#3646,#890);
#672=LINE('',#3650,#891);
#673=LINE('',#3655,#892);
#674=LINE('',#3659,#893);
#675=LINE('',#3664,#894);
#676=LINE('',#3668,#895);
#677=LINE('',#3673,#896);
#678=LINE('',#3677,#897);
#679=LINE('',#3682,#898);
#680=LINE('',#3686,#899);
#681=LINE('',#3688,#900);
#682=LINE('',#3690,#901);
#683=LINE('',#3691,#902);
#684=LINE('',#3694,#903);
#685=LINE('',#3696,#904);
#686=LINE('',#3697,#905);
#687=LINE('',#3700,#906);
#688=LINE('',#3701,#907);
#689=LINE('',#3704,#908);
#690=LINE('',#3705,#909);
#691=LINE('',#3707,#910);
#692=LINE('',#3712,#911);
#693=LINE('',#3714,#912);
#694=LINE('',#3716,#913);
#695=LINE('',#3717,#914);
#696=LINE('',#3720,#915);
#697=LINE('',#3722,#916);
#698=LINE('',#3723,#917);
#699=LINE('',#3726,#918);
#700=LINE('',#3727,#919);
#701=LINE('',#3730,#920);
#702=LINE('',#3731,#921);
#703=LINE('',#3733,#922);
#704=LINE('',#3738,#923);
#705=LINE('',#3740,#924);
#706=LINE('',#3742,#925);
#707=LINE('',#3743,#926);
#708=LINE('',#3746,#927);
#709=LINE('',#3748,#928);
#710=LINE('',#3749,#929);
#711=LINE('',#3752,#930);
#712=LINE('',#3753,#931);
#713=LINE('',#3756,#932);
#714=LINE('',#3757,#933);
#715=LINE('',#3759,#934);
#716=LINE('',#3764,#935);
#717=LINE('',#3766,#936);
#718=LINE('',#3768,#937);
#719=LINE('',#3769,#938);
#720=LINE('',#3772,#939);
#721=LINE('',#3774,#940);
#722=LINE('',#3775,#941);
#723=LINE('',#3778,#942);
#724=LINE('',#3779,#943);
#725=LINE('',#3782,#944);
#726=LINE('',#3783,#945);
#727=LINE('',#3785,#946);
#728=LINE('',#3790,#947);
#729=LINE('',#3792,#948);
#730=LINE('',#3794,#949);
#731=LINE('',#3795,#950);
#732=LINE('',#3798,#951);
#733=LINE('',#3800,#952);
#734=LINE('',#3801,#953);
#735=LINE('',#3804,#954);
#736=LINE('',#3805,#955);
#737=LINE('',#3808,#956);
#738=LINE('',#3809,#957);
#739=LINE('',#3811,#958);
#740=LINE('',#3816,#959);
#741=LINE('',#3818,#960);
#742=LINE('',#3820,#961);
#743=LINE('',#3821,#962);
#744=LINE('',#3824,#963);
#745=LINE('',#3826,#964);
#746=LINE('',#3827,#965);
#747=LINE('',#3830,#966);
#748=LINE('',#3831,#967);
#749=LINE('',#3834,#968);
#750=LINE('',#3835,#969);
#751=LINE('',#3837,#970);
#752=LINE('',#3842,#971);
#753=LINE('',#3844,#972);
#754=LINE('',#3846,#973);
#755=LINE('',#3847,#974);
#756=LINE('',#3850,#975);
#757=LINE('',#3852,#976);
#758=LINE('',#3853,#977);
#759=LINE('',#3856,#978);
#760=LINE('',#3857,#979);
#761=LINE('',#3860,#980);
#762=LINE('',#3861,#981);
#763=LINE('',#3863,#982);
#764=LINE('',#3868,#983);
#765=LINE('',#3870,#984);
#766=LINE('',#3872,#985);
#767=LINE('',#3873,#986);
#768=LINE('',#3876,#987);
#769=LINE('',#3878,#988);
#770=LINE('',#3879,#989);
#771=LINE('',#3882,#990);
#772=LINE('',#3883,#991);
#773=LINE('',#3886,#992);
#774=LINE('',#3887,#993);
#775=LINE('',#3889,#994);
#776=LINE('',#3894,#995);
#777=LINE('',#3896,#996);
#778=LINE('',#3898,#997);
#779=LINE('',#3899,#998);
#780=LINE('',#3902,#999);
#781=LINE('',#3904,#1000);
#782=LINE('',#3905,#1001);
#783=LINE('',#3908,#1002);
#784=LINE('',#3909,#1003);
#785=LINE('',#3912,#1004);
#786=LINE('',#3913,#1005);
#787=LINE('',#3915,#1006);
#788=LINE('',#3920,#1007);
#789=LINE('',#3922,#1008);
#790=LINE('',#3924,#1009);
#791=LINE('',#3925,#1010);
#792=LINE('',#3928,#1011);
#793=LINE('',#3930,#1012);
#794=LINE('',#3931,#1013);
#795=LINE('',#3934,#1014);
#796=LINE('',#3935,#1015);
#797=LINE('',#3938,#1016);
#798=LINE('',#3939,#1017);
#799=LINE('',#3941,#1018);
#800=LINE('',#3946,#1019);
#801=LINE('',#3948,#1020);
#802=LINE('',#3950,#1021);
#803=LINE('',#3951,#1022);
#804=LINE('',#3954,#1023);
#805=LINE('',#3956,#1024);
#806=LINE('',#3957,#1025);
#807=LINE('',#3960,#1026);
#808=LINE('',#3961,#1027);
#809=LINE('',#3964,#1028);
#810=LINE('',#3965,#1029);
#811=LINE('',#3967,#1030);
#812=LINE('',#3972,#1031);
#813=LINE('',#3974,#1032);
#814=LINE('',#3976,#1033);
#815=LINE('',#3977,#1034);
#816=LINE('',#3980,#1035);
#817=LINE('',#3982,#1036);
#818=LINE('',#3983,#1037);
#819=LINE('',#3986,#1038);
#820=LINE('',#3987,#1039);
#821=LINE('',#3990,#1040);
#822=LINE('',#3991,#1041);
#823=LINE('',#3993,#1042);
#824=LINE('',#3998,#1043);
#825=LINE('',#4000,#1044);
#826=LINE('',#4002,#1045);
#827=LINE('',#4003,#1046);
#828=LINE('',#4006,#1047);
#829=LINE('',#4008,#1048);
#830=LINE('',#4009,#1049);
#831=LINE('',#4012,#1050);
#832=LINE('',#4013,#1051);
#833=LINE('',#4016,#1052);
#834=LINE('',#4017,#1053);
#835=LINE('',#4019,#1054);
#836=VECTOR('',#2684,10.);
#837=VECTOR('',#2685,10.);
#838=VECTOR('',#2686,10.);
#839=VECTOR('',#2687,10.);
#840=VECTOR('',#2690,10.);
#841=VECTOR('',#2691,10.);
#842=VECTOR('',#2692,10.);
#843=VECTOR('',#2695,10.);
#844=VECTOR('',#2696,10.);
#845=VECTOR('',#2699,10.);
#846=VECTOR('',#2700,10.);
#847=VECTOR('',#2703,10.);
#848=VECTOR('',#2708,10.);
#849=VECTOR('',#2709,10.);
#850=VECTOR('',#2710,10.);
#851=VECTOR('',#2711,10.);
#852=VECTOR('',#2746,1.);
#853=VECTOR('',#2757,1.);
#854=VECTOR('',#2768,1.);
#855=VECTOR('',#2779,1.);
#856=VECTOR('',#2790,1.);
#857=VECTOR('',#2801,1.);
#858=VECTOR('',#2812,1.);
#859=VECTOR('',#2823,1.);
#860=VECTOR('',#2834,1.);
#861=VECTOR('',#2845,1.);
#862=VECTOR('',#2852,1.5);
#863=VECTOR('',#2859,1.5);
#864=VECTOR('',#2864,10.);
#865=VECTOR('',#2865,10.);
#866=VECTOR('',#2866,10.);
#867=VECTOR('',#2867,10.);
#868=VECTOR('',#2876,10.);
#869=VECTOR('',#2877,10.);
#870=VECTOR('',#2880,10.);
#871=VECTOR('',#2883,10.);
#872=VECTOR('',#2890,0.5);
#873=VECTOR('',#2899,0.75);
#874=VECTOR('',#2906,0.75);
#875=VECTOR('',#2913,2.);
#876=VECTOR('',#2920,2.);
#877=VECTOR('',#2927,2.);
#878=VECTOR('',#2934,2.);
#879=VECTOR('',#2939,0.5);
#880=VECTOR('',#2946,1.);
#881=VECTOR('',#2951,0.5);
#882=VECTOR('',#2958,1.);
#883=VECTOR('',#2963,0.5);
#884=VECTOR('',#2970,1.);
#885=VECTOR('',#2975,0.5);
#886=VECTOR('',#2982,1.);
#887=VECTOR('',#2987,0.5);
#888=VECTOR('',#2994,1.);
#889=VECTOR('',#2999,0.5);
#890=VECTOR('',#3006,1.);
#891=VECTOR('',#3011,0.5);
#892=VECTOR('',#3018,1.);
#893=VECTOR('',#3023,0.5);
#894=VECTOR('',#3030,1.);
#895=VECTOR('',#3035,0.5);
#896=VECTOR('',#3042,1.);
#897=VECTOR('',#3047,0.5);
#898=VECTOR('',#3054,1.);
#899=VECTOR('',#3057,10.);
#900=VECTOR('',#3058,10.);
#901=VECTOR('',#3059,10.);
#902=VECTOR('',#3060,10.);
#903=VECTOR('',#3063,10.);
#904=VECTOR('',#3064,10.);
#905=VECTOR('',#3065,10.);
#906=VECTOR('',#3068,10.);
#907=VECTOR('',#3069,10.);
#908=VECTOR('',#3072,10.);
#909=VECTOR('',#3073,10.);
#910=VECTOR('',#3076,10.);
#911=VECTOR('',#3081,10.);
#912=VECTOR('',#3082,10.);
#913=VECTOR('',#3083,10.);
#914=VECTOR('',#3084,10.);
#915=VECTOR('',#3087,10.);
#916=VECTOR('',#3088,10.);
#917=VECTOR('',#3089,10.);
#918=VECTOR('',#3092,10.);
#919=VECTOR('',#3093,10.);
#920=VECTOR('',#3096,10.);
#921=VECTOR('',#3097,10.);
#922=VECTOR('',#3100,10.);
#923=VECTOR('',#3105,10.);
#924=VECTOR('',#3106,10.);
#925=VECTOR('',#3107,10.);
#926=VECTOR('',#3108,10.);
#927=VECTOR('',#3111,10.);
#928=VECTOR('',#3112,10.);
#929=VECTOR('',#3113,10.);
#930=VECTOR('',#3116,10.);
#931=VECTOR('',#3117,10.);
#932=VECTOR('',#3120,10.);
#933=VECTOR('',#3121,10.);
#934=VECTOR('',#3124,10.);
#935=VECTOR('',#3129,10.);
#936=VECTOR('',#3130,10.);
#937=VECTOR('',#3131,10.);
#938=VECTOR('',#3132,10.);
#939=VECTOR('',#3135,10.);
#940=VECTOR('',#3136,10.);
#941=VECTOR('',#3137,10.);
#942=VECTOR('',#3140,10.);
#943=VECTOR('',#3141,10.);
#944=VECTOR('',#3144,10.);
#945=VECTOR('',#3145,10.);
#946=VECTOR('',#3148,10.);
#947=VECTOR('',#3153,10.);
#948=VECTOR('',#3154,10.);
#949=VECTOR('',#3155,10.);
#950=VECTOR('',#3156,10.);
#951=VECTOR('',#3159,10.);
#952=VECTOR('',#3160,10.);
#953=VECTOR('',#3161,10.);
#954=VECTOR('',#3164,10.);
#955=VECTOR('',#3165,10.);
#956=VECTOR('',#3168,10.);
#957=VECTOR('',#3169,10.);
#958=VECTOR('',#3172,10.);
#959=VECTOR('',#3177,10.);
#960=VECTOR('',#3178,10.);
#961=VECTOR('',#3179,10.);
#962=VECTOR('',#3180,10.);
#963=VECTOR('',#3183,10.);
#964=VECTOR('',#3184,10.);
#965=VECTOR('',#3185,10.);
#966=VECTOR('',#3188,10.);
#967=VECTOR('',#3189,10.);
#968=VECTOR('',#3192,10.);
#969=VECTOR('',#3193,10.);
#970=VECTOR('',#3196,10.);
#971=VECTOR('',#3201,10.);
#972=VECTOR('',#3202,10.);
#973=VECTOR('',#3203,10.);
#974=VECTOR('',#3204,10.);
#975=VECTOR('',#3207,10.);
#976=VECTOR('',#3208,10.);
#977=VECTOR('',#3209,10.);
#978=VECTOR('',#3212,10.);
#979=VECTOR('',#3213,10.);
#980=VECTOR('',#3216,10.);
#981=VECTOR('',#3217,10.);
#982=VECTOR('',#3220,10.);
#983=VECTOR('',#3225,10.);
#984=VECTOR('',#3226,10.);
#985=VECTOR('',#3227,10.);
#986=VECTOR('',#3228,10.);
#987=VECTOR('',#3231,10.);
#988=VECTOR('',#3232,10.);
#989=VECTOR('',#3233,10.);
#990=VECTOR('',#3236,10.);
#991=VECTOR('',#3237,10.);
#992=VECTOR('',#3240,10.);
#993=VECTOR('',#3241,10.);
#994=VECTOR('',#3244,10.);
#995=VECTOR('',#3249,10.);
#996=VECTOR('',#3250,10.);
#997=VECTOR('',#3251,10.);
#998=VECTOR('',#3252,10.);
#999=VECTOR('',#3255,10.);
#1000=VECTOR('',#3256,10.);
#1001=VECTOR('',#3257,10.);
#1002=VECTOR('',#3260,10.);
#1003=VECTOR('',#3261,10.);
#1004=VECTOR('',#3264,10.);
#1005=VECTOR('',#3265,10.);
#1006=VECTOR('',#3268,10.);
#1007=VECTOR('',#3273,10.);
#1008=VECTOR('',#3274,10.);
#1009=VECTOR('',#3275,10.);
#1010=VECTOR('',#3276,10.);
#1011=VECTOR('',#3279,10.);
#1012=VECTOR('',#3280,10.);
#1013=VECTOR('',#3281,10.);
#1014=VECTOR('',#3284,10.);
#1015=VECTOR('',#3285,10.);
#1016=VECTOR('',#3288,10.);
#1017=VECTOR('',#3289,10.);
#1018=VECTOR('',#3292,10.);
#1019=VECTOR('',#3297,10.);
#1020=VECTOR('',#3298,10.);
#1021=VECTOR('',#3299,10.);
#1022=VECTOR('',#3300,10.);
#1023=VECTOR('',#3303,10.);
#1024=VECTOR('',#3304,10.);
#1025=VECTOR('',#3305,10.);
#1026=VECTOR('',#3308,10.);
#1027=VECTOR('',#3309,10.);
#1028=VECTOR('',#3312,10.);
#1029=VECTOR('',#3313,10.);
#1030=VECTOR('',#3316,10.);
#1031=VECTOR('',#3321,10.);
#1032=VECTOR('',#3322,10.);
#1033=VECTOR('',#3323,10.);
#1034=VECTOR('',#3324,10.);
#1035=VECTOR('',#3327,10.);
#1036=VECTOR('',#3328,10.);
#1037=VECTOR('',#3329,10.);
#1038=VECTOR('',#3332,10.);
#1039=VECTOR('',#3333,10.);
#1040=VECTOR('',#3336,10.);
#1041=VECTOR('',#3337,10.);
#1042=VECTOR('',#3340,10.);
#1043=VECTOR('',#3345,10.);
#1044=VECTOR('',#3346,10.);
#1045=VECTOR('',#3347,10.);
#1046=VECTOR('',#3348,10.);
#1047=VECTOR('',#3351,10.);
#1048=VECTOR('',#3352,10.);
#1049=VECTOR('',#3353,10.);
#1050=VECTOR('',#3356,10.);
#1051=VECTOR('',#3357,10.);
#1052=VECTOR('',#3360,10.);
#1053=VECTOR('',#3361,10.);
#1054=VECTOR('',#3364,10.);
#1055=VERTEX_POINT('',#3372);
#1056=VERTEX_POINT('',#3373);
#1057=VERTEX_POINT('',#3375);
#1058=VERTEX_POINT('',#3377);
#1059=VERTEX_POINT('',#3381);
#1060=VERTEX_POINT('',#3383);
#1061=VERTEX_POINT('',#3387);
#1062=VERTEX_POINT('',#3391);
#1063=VERTEX_POINT('',#3398);
#1064=VERTEX_POINT('',#3399);
#1065=VERTEX_POINT('',#3401);
#1066=VERTEX_POINT('',#3403);
#1067=VERTEX_POINT('',#3406);
#1068=VERTEX_POINT('',#3408);
#1069=VERTEX_POINT('',#3410);
#1070=VERTEX_POINT('',#3412);
#1071=VERTEX_POINT('',#3414);
#1072=VERTEX_POINT('',#3416);
#1073=VERTEX_POINT('',#3418);
#1074=VERTEX_POINT('',#3420);
#1075=VERTEX_POINT('',#3422);
#1076=VERTEX_POINT('',#3424);
#1077=VERTEX_POINT('',#3426);
#1078=VERTEX_POINT('',#3428);
#1079=VERTEX_POINT('',#3430);
#1080=VERTEX_POINT('',#3433);
#1081=VERTEX_POINT('',#3435);
#1082=VERTEX_POINT('',#3438);
#1083=VERTEX_POINT('',#3442);
#1084=VERTEX_POINT('',#3444);
#1085=VERTEX_POINT('',#3447);
#1086=VERTEX_POINT('',#3451);
#1087=VERTEX_POINT('',#3453);
#1088=VERTEX_POINT('',#3456);
#1089=VERTEX_POINT('',#3460);
#1090=VERTEX_POINT('',#3462);
#1091=VERTEX_POINT('',#3465);
#1092=VERTEX_POINT('',#3469);
#1093=VERTEX_POINT('',#3471);
#1094=VERTEX_POINT('',#3474);
#1095=VERTEX_POINT('',#3478);
#1096=VERTEX_POINT('',#3480);
#1097=VERTEX_POINT('',#3483);
#1098=VERTEX_POINT('',#3487);
#1099=VERTEX_POINT('',#3489);
#1100=VERTEX_POINT('',#3492);
#1101=VERTEX_POINT('',#3496);
#1102=VERTEX_POINT('',#3498);
#1103=VERTEX_POINT('',#3501);
#1104=VERTEX_POINT('',#3505);
#1105=VERTEX_POINT('',#3507);
#1106=VERTEX_POINT('',#3510);
#1107=VERTEX_POINT('',#3514);
#1108=VERTEX_POINT('',#3516);
#1109=VERTEX_POINT('',#3519);
#1110=VERTEX_POINT('',#3523);
#1111=VERTEX_POINT('',#3525);
#1112=VERTEX_POINT('',#3529);
#1113=VERTEX_POINT('',#3531);
#1114=VERTEX_POINT('',#3535);
#1115=VERTEX_POINT('',#3536);
#1116=VERTEX_POINT('',#3538);
#1117=VERTEX_POINT('',#3540);
#1118=VERTEX_POINT('',#3543);
#1119=VERTEX_POINT('',#3545);
#1120=VERTEX_POINT('',#3547);
#1121=VERTEX_POINT('',#3558);
#1122=VERTEX_POINT('',#3560);
#1123=VERTEX_POINT('',#3564);
#1124=VERTEX_POINT('',#3569);
#1125=VERTEX_POINT('',#3574);
#1126=VERTEX_POINT('',#3579);
#1127=VERTEX_POINT('',#3584);
#1128=VERTEX_POINT('',#3589);
#1129=VERTEX_POINT('',#3594);
#1130=VERTEX_POINT('',#3598);
#1131=VERTEX_POINT('',#3603);
#1132=VERTEX_POINT('',#3607);
#1133=VERTEX_POINT('',#3612);
#1134=VERTEX_POINT('',#3616);
#1135=VERTEX_POINT('',#3621);
#1136=VERTEX_POINT('',#3625);
#1137=VERTEX_POINT('',#3630);
#1138=VERTEX_POINT('',#3634);
#1139=VERTEX_POINT('',#3639);
#1140=VERTEX_POINT('',#3643);
#1141=VERTEX_POINT('',#3648);
#1142=VERTEX_POINT('',#3652);
#1143=VERTEX_POINT('',#3657);
#1144=VERTEX_POINT('',#3661);
#1145=VERTEX_POINT('',#3666);
#1146=VERTEX_POINT('',#3670);
#1147=VERTEX_POINT('',#3675);
#1148=VERTEX_POINT('',#3679);
#1149=VERTEX_POINT('',#3684);
#1150=VERTEX_POINT('',#3685);
#1151=VERTEX_POINT('',#3687);
#1152=VERTEX_POINT('',#3689);
#1153=VERTEX_POINT('',#3693);
#1154=VERTEX_POINT('',#3695);
#1155=VERTEX_POINT('',#3699);
#1156=VERTEX_POINT('',#3703);
#1157=VERTEX_POINT('',#3710);
#1158=VERTEX_POINT('',#3711);
#1159=VERTEX_POINT('',#3713);
#1160=VERTEX_POINT('',#3715);
#1161=VERTEX_POINT('',#3719);
#1162=VERTEX_POINT('',#3721);
#1163=VERTEX_POINT('',#3725);
#1164=VERTEX_POINT('',#3729);
#1165=VERTEX_POINT('',#3736);
#1166=VERTEX_POINT('',#3737);
#1167=VERTEX_POINT('',#3739);
#1168=VERTEX_POINT('',#3741);
#1169=VERTEX_POINT('',#3745);
#1170=VERTEX_POINT('',#3747);
#1171=VERTEX_POINT('',#3751);
#1172=VERTEX_POINT('',#3755);
#1173=VERTEX_POINT('',#3762);
#1174=VERTEX_POINT('',#3763);
#1175=VERTEX_POINT('',#3765);
#1176=VERTEX_POINT('',#3767);
#1177=VERTEX_POINT('',#3771);
#1178=VERTEX_POINT('',#3773);
#1179=VERTEX_POINT('',#3777);
#1180=VERTEX_POINT('',#3781);
#1181=VERTEX_POINT('',#3788);
#1182=VERTEX_POINT('',#3789);
#1183=VERTEX_POINT('',#3791);
#1184=VERTEX_POINT('',#3793);
#1185=VERTEX_POINT('',#3797);
#1186=VERTEX_POINT('',#3799);
#1187=VERTEX_POINT('',#3803);
#1188=VERTEX_POINT('',#3807);
#1189=VERTEX_POINT('',#3814);
#1190=VERTEX_POINT('',#3815);
#1191=VERTEX_POINT('',#3817);
#1192=VERTEX_POINT('',#3819);
#1193=VERTEX_POINT('',#3823);
#1194=VERTEX_POINT('',#3825);
#1195=VERTEX_POINT('',#3829);
#1196=VERTEX_POINT('',#3833);
#1197=VERTEX_POINT('',#3840);
#1198=VERTEX_POINT('',#3841);
#1199=VERTEX_POINT('',#3843);
#1200=VERTEX_POINT('',#3845);
#1201=VERTEX_POINT('',#3849);
#1202=VERTEX_POINT('',#3851);
#1203=VERTEX_POINT('',#3855);
#1204=VERTEX_POINT('',#3859);
#1205=VERTEX_POINT('',#3866);
#1206=VERTEX_POINT('',#3867);
#1207=VERTEX_POINT('',#3869);
#1208=VERTEX_POINT('',#3871);
#1209=VERTEX_POINT('',#3875);
#1210=VERTEX_POINT('',#3877);
#1211=VERTEX_POINT('',#3881);
#1212=VERTEX_POINT('',#3885);
#1213=VERTEX_POINT('',#3892);
#1214=VERTEX_POINT('',#3893);
#1215=VERTEX_POINT('',#3895);
#1216=VERTEX_POINT('',#3897);
#1217=VERTEX_POINT('',#3901);
#1218=VERTEX_POINT('',#3903);
#1219=VERTEX_POINT('',#3907);
#1220=VERTEX_POINT('',#3911);
#1221=VERTEX_POINT('',#3918);
#1222=VERTEX_POINT('',#3919);
#1223=VERTEX_POINT('',#3921);
#1224=VERTEX_POINT('',#3923);
#1225=VERTEX_POINT('',#3927);
#1226=VERTEX_POINT('',#3929);
#1227=VERTEX_POINT('',#3933);
#1228=VERTEX_POINT('',#3937);
#1229=VERTEX_POINT('',#3944);
#1230=VERTEX_POINT('',#3945);
#1231=VERTEX_POINT('',#3947);
#1232=VERTEX_POINT('',#3949);
#1233=VERTEX_POINT('',#3953);
#1234=VERTEX_POINT('',#3955);
#1235=VERTEX_POINT('',#3959);
#1236=VERTEX_POINT('',#3963);
#1237=VERTEX_POINT('',#3970);
#1238=VERTEX_POINT('',#3971);
#1239=VERTEX_POINT('',#3973);
#1240=VERTEX_POINT('',#3975);
#1241=VERTEX_POINT('',#3979);
#1242=VERTEX_POINT('',#3981);
#1243=VERTEX_POINT('',#3985);
#1244=VERTEX_POINT('',#3989);
#1245=VERTEX_POINT('',#3996);
#1246=VERTEX_POINT('',#3997);
#1247=VERTEX_POINT('',#3999);
#1248=VERTEX_POINT('',#4001);
#1249=VERTEX_POINT('',#4005);
#1250=VERTEX_POINT('',#4007);
#1251=VERTEX_POINT('',#4011);
#1252=VERTEX_POINT('',#4015);
#1253=EDGE_CURVE('',#1055,#1056,#617,.T.);
#1254=EDGE_CURVE('',#1057,#1055,#618,.T.);
#1255=EDGE_CURVE('',#1058,#1057,#619,.T.);
#1256=EDGE_CURVE('',#1056,#1058,#620,.T.);
#1257=EDGE_CURVE('',#1059,#1058,#621,.T.);
#1258=EDGE_CURVE('',#1060,#1059,#622,.T.);
#1259=EDGE_CURVE('',#1060,#1056,#623,.T.);
#1260=EDGE_CURVE('',#1061,#1057,#624,.T.);
#1261=EDGE_CURVE('',#1059,#1061,#625,.T.);
#1262=EDGE_CURVE('',#1062,#1055,#626,.T.);
#1263=EDGE_CURVE('',#1061,#1062,#627,.T.);
#1264=EDGE_CURVE('',#1062,#1060,#628,.T.);
#1265=EDGE_CURVE('',#1063,#1064,#629,.T.);
#1266=EDGE_CURVE('',#1065,#1064,#630,.T.);
#1267=EDGE_CURVE('',#1065,#1066,#631,.T.);
#1268=EDGE_CURVE('',#1063,#1066,#632,.T.);
#1269=EDGE_CURVE('',#1067,#1067,#108,.T.);
#1270=EDGE_CURVE('',#1068,#1068,#109,.T.);
#1271=EDGE_CURVE('',#1069,#1069,#110,.T.);
#1272=EDGE_CURVE('',#1070,#1070,#111,.T.);
#1273=EDGE_CURVE('',#1071,#1071,#112,.T.);
#1274=EDGE_CURVE('',#1072,#1072,#113,.T.);
#1275=EDGE_CURVE('',#1073,#1073,#114,.T.);
#1276=EDGE_CURVE('',#1074,#1074,#115,.T.);
#1277=EDGE_CURVE('',#1075,#1075,#116,.T.);
#1278=EDGE_CURVE('',#1076,#1076,#117,.T.);
#1279=EDGE_CURVE('',#1077,#1077,#118,.T.);
#1280=EDGE_CURVE('',#1078,#1078,#119,.T.);
#1281=EDGE_CURVE('',#1079,#1079,#120,.T.);
#1282=EDGE_CURVE('',#1080,#1080,#121,.T.);
#1283=EDGE_CURVE('',#1081,#1081,#122,.T.);
#1284=EDGE_CURVE('',#1080,#1082,#633,.T.);
#1285=EDGE_CURVE('',#1082,#1082,#123,.T.);
#1286=EDGE_CURVE('',#1083,#1083,#124,.T.);
#1287=EDGE_CURVE('',#1084,#1084,#125,.T.);
#1288=EDGE_CURVE('',#1083,#1085,#634,.T.);
#1289=EDGE_CURVE('',#1085,#1085,#126,.T.);
#1290=EDGE_CURVE('',#1086,#1086,#127,.T.);
#1291=EDGE_CURVE('',#1087,#1087,#128,.T.);
#1292=EDGE_CURVE('',#1086,#1088,#635,.T.);
#1293=EDGE_CURVE('',#1088,#1088,#129,.T.);
#1294=EDGE_CURVE('',#1089,#1089,#130,.T.);
#1295=EDGE_CURVE('',#1090,#1090,#131,.T.);
#1296=EDGE_CURVE('',#1089,#1091,#636,.T.);
#1297=EDGE_CURVE('',#1091,#1091,#132,.T.);
#1298=EDGE_CURVE('',#1092,#1092,#133,.T.);
#1299=EDGE_CURVE('',#1093,#1093,#134,.T.);
#1300=EDGE_CURVE('',#1092,#1094,#637,.T.);
#1301=EDGE_CURVE('',#1094,#1094,#135,.T.);
#1302=EDGE_CURVE('',#1095,#1095,#136,.T.);
#1303=EDGE_CURVE('',#1096,#1096,#137,.T.);
#1304=EDGE_CURVE('',#1095,#1097,#638,.T.);
#1305=EDGE_CURVE('',#1097,#1097,#138,.T.);
#1306=EDGE_CURVE('',#1098,#1098,#139,.T.);
#1307=EDGE_CURVE('',#1099,#1099,#140,.T.);
#1308=EDGE_CURVE('',#1098,#1100,#639,.T.);
#1309=EDGE_CURVE('',#1100,#1100,#141,.T.);
#1310=EDGE_CURVE('',#1101,#1101,#142,.T.);
#1311=EDGE_CURVE('',#1102,#1102,#143,.T.);
#1312=EDGE_CURVE('',#1101,#1103,#640,.T.);
#1313=EDGE_CURVE('',#1103,#1103,#144,.T.);
#1314=EDGE_CURVE('',#1104,#1104,#145,.T.);
#1315=EDGE_CURVE('',#1105,#1105,#146,.T.);
#1316=EDGE_CURVE('',#1104,#1106,#641,.T.);
#1317=EDGE_CURVE('',#1106,#1106,#147,.T.);
#1318=EDGE_CURVE('',#1107,#1107,#148,.T.);
#1319=EDGE_CURVE('',#1108,#1108,#149,.T.);
#1320=EDGE_CURVE('',#1107,#1109,#642,.T.);
#1321=EDGE_CURVE('',#1109,#1109,#150,.T.);
#1322=EDGE_CURVE('',#1110,#1110,#151,.T.);
#1323=EDGE_CURVE('',#1110,#1111,#643,.T.);
#1324=EDGE_CURVE('',#1111,#1111,#152,.T.);
#1325=EDGE_CURVE('',#1112,#1112,#153,.T.);
#1326=EDGE_CURVE('',#1112,#1113,#644,.T.);
#1327=EDGE_CURVE('',#1113,#1113,#154,.T.);
#1328=EDGE_CURVE('',#1114,#1115,#645,.T.);
#1329=EDGE_CURVE('',#1116,#1115,#646,.T.);
#1330=EDGE_CURVE('',#1116,#1117,#647,.T.);
#1331=EDGE_CURVE('',#1114,#1117,#648,.T.);
#1332=EDGE_CURVE('',#1118,#1118,#155,.T.);
#1333=EDGE_CURVE('',#1119,#1119,#156,.T.);
#1334=EDGE_CURVE('',#1120,#1120,#157,.T.);
#1335=EDGE_CURVE('',#1064,#1114,#649,.T.);
#1336=EDGE_CURVE('',#1117,#1065,#650,.T.);
#1337=EDGE_CURVE('',#1066,#1116,#651,.T.);
#1338=EDGE_CURVE('',#1115,#1063,#652,.T.);
#1339=EDGE_CURVE('',#1121,#1121,#158,.T.);
#1340=EDGE_CURVE('',#1121,#1122,#653,.T.);
#1341=EDGE_CURVE('',#1122,#1122,#159,.T.);
#1342=EDGE_CURVE('',#1123,#1123,#160,.T.);
#1343=EDGE_CURVE('',#1079,#1123,#654,.T.);
#1344=EDGE_CURVE('',#1124,#1124,#161,.T.);
#1345=EDGE_CURVE('',#1120,#1124,#655,.T.);
#1346=EDGE_CURVE('',#1125,#1125,#162,.T.);
#1347=EDGE_CURVE('',#1078,#1125,#656,.T.);
#1348=EDGE_CURVE('',#1126,#1126,#163,.T.);
#1349=EDGE_CURVE('',#1077,#1126,#657,.T.);
#1350=EDGE_CURVE('',#1127,#1127,#164,.T.);
#1351=EDGE_CURVE('',#1119,#1127,#658,.T.);
#1352=EDGE_CURVE('',#1128,#1128,#165,.T.);
#1353=EDGE_CURVE('',#1118,#1128,#659,.T.);
#1354=EDGE_CURVE('',#1129,#1129,#166,.T.);
#1355=EDGE_CURVE('',#1129,#1108,#660,.T.);
#1356=EDGE_CURVE('',#1130,#1130,#167,.T.);
#1357=EDGE_CURVE('',#1130,#1076,#661,.T.);
#1358=EDGE_CURVE('',#1131,#1131,#168,.T.);
#1359=EDGE_CURVE('',#1131,#1102,#662,.T.);
#1360=EDGE_CURVE('',#1132,#1132,#169,.T.);
#1361=EDGE_CURVE('',#1132,#1075,#663,.T.);
#1362=EDGE_CURVE('',#1133,#1133,#170,.T.);
#1363=EDGE_CURVE('',#1133,#1096,#664,.T.);
#1364=EDGE_CURVE('',#1134,#1134,#171,.T.);
#1365=EDGE_CURVE('',#1134,#1074,#665,.T.);
#1366=EDGE_CURVE('',#1135,#1135,#172,.T.);
#1367=EDGE_CURVE('',#1135,#1090,#666,.T.);
#1368=EDGE_CURVE('',#1136,#1136,#173,.T.);
#1369=EDGE_CURVE('',#1136,#1073,#667,.T.);
#1370=EDGE_CURVE('',#1137,#1137,#174,.T.);
#1371=EDGE_CURVE('',#1137,#1084,#668,.T.);
#1372=EDGE_CURVE('',#1138,#1138,#175,.T.);
#1373=EDGE_CURVE('',#1138,#1072,#669,.T.);
#1374=EDGE_CURVE('',#1139,#1139,#176,.T.);
#1375=EDGE_CURVE('',#1139,#1081,#670,.T.);
#1376=EDGE_CURVE('',#1140,#1140,#177,.T.);
#1377=EDGE_CURVE('',#1140,#1071,#671,.T.);
#1378=EDGE_CURVE('',#1141,#1141,#178,.T.);
#1379=EDGE_CURVE('',#1141,#1087,#672,.T.);
#1380=EDGE_CURVE('',#1142,#1142,#179,.T.);
#1381=EDGE_CURVE('',#1142,#1070,#673,.T.);
#1382=EDGE_CURVE('',#1143,#1143,#180,.T.);
#1383=EDGE_CURVE('',#1143,#1093,#674,.T.);
#1384=EDGE_CURVE('',#1144,#1144,#181,.T.);
#1385=EDGE_CURVE('',#1144,#1069,#675,.T.);
#1386=EDGE_CURVE('',#1145,#1145,#182,.T.);
#1387=EDGE_CURVE('',#1145,#1099,#676,.T.);
#1388=EDGE_CURVE('',#1146,#1146,#183,.T.);
#1389=EDGE_CURVE('',#1146,#1068,#677,.T.);
#1390=EDGE_CURVE('',#1147,#1147,#184,.T.);
#1391=EDGE_CURVE('',#1147,#1105,#678,.T.);
#1392=EDGE_CURVE('',#1148,#1148,#185,.T.);
#1393=EDGE_CURVE('',#1148,#1067,#679,.T.);
#1394=EDGE_CURVE('',#1149,#1150,#680,.T.);
#1395=EDGE_CURVE('',#1151,#1149,#681,.T.);
#1396=EDGE_CURVE('',#1152,#1151,#682,.T.);
#1397=EDGE_CURVE('',#1150,#1152,#683,.T.);
#1398=EDGE_CURVE('',#1153,#1149,#684,.T.);
#1399=EDGE_CURVE('',#1154,#1153,#685,.T.);
#1400=EDGE_CURVE('',#1154,#1151,#686,.T.);
#1401=EDGE_CURVE('',#1155,#1150,#687,.T.);
#1402=EDGE_CURVE('',#1153,#1155,#688,.T.);
#1403=EDGE_CURVE('',#1155,#1156,#689,.T.);
#1404=EDGE_CURVE('',#1156,#1154,#690,.T.);
#1405=EDGE_CURVE('',#1156,#1152,#691,.T.);
#1406=EDGE_CURVE('',#1157,#1158,#692,.T.);
#1407=EDGE_CURVE('',#1159,#1157,#693,.T.);
#1408=EDGE_CURVE('',#1160,#1159,#694,.T.);
#1409=EDGE_CURVE('',#1158,#1160,#695,.T.);
#1410=EDGE_CURVE('',#1161,#1157,#696,.T.);
#1411=EDGE_CURVE('',#1162,#1161,#697,.T.);
#1412=EDGE_CURVE('',#1162,#1159,#698,.T.);
#1413=EDGE_CURVE('',#1163,#1158,#699,.T.);
#1414=EDGE_CURVE('',#1161,#1163,#700,.T.);
#1415=EDGE_CURVE('',#1163,#1164,#701,.T.);
#1416=EDGE_CURVE('',#1164,#1162,#702,.T.);
#1417=EDGE_CURVE('',#1164,#1160,#703,.T.);
#1418=EDGE_CURVE('',#1165,#1166,#704,.T.);
#1419=EDGE_CURVE('',#1167,#1165,#705,.T.);
#1420=EDGE_CURVE('',#1168,#1167,#706,.T.);
#1421=EDGE_CURVE('',#1166,#1168,#707,.T.);
#1422=EDGE_CURVE('',#1169,#1165,#708,.T.);
#1423=EDGE_CURVE('',#1170,#1169,#709,.T.);
#1424=EDGE_CURVE('',#1170,#1167,#710,.T.);
#1425=EDGE_CURVE('',#1171,#1166,#711,.T.);
#1426=EDGE_CURVE('',#1169,#1171,#712,.T.);
#1427=EDGE_CURVE('',#1171,#1172,#713,.T.);
#1428=EDGE_CURVE('',#1172,#1170,#714,.T.);
#1429=EDGE_CURVE('',#1172,#1168,#715,.T.);
#1430=EDGE_CURVE('',#1173,#1174,#716,.T.);
#1431=EDGE_CURVE('',#1175,#1173,#717,.T.);
#1432=EDGE_CURVE('',#1176,#1175,#718,.T.);
#1433=EDGE_CURVE('',#1174,#1176,#719,.T.);
#1434=EDGE_CURVE('',#1177,#1173,#720,.T.);
#1435=EDGE_CURVE('',#1178,#1177,#721,.T.);
#1436=EDGE_CURVE('',#1178,#1175,#722,.T.);
#1437=EDGE_CURVE('',#1179,#1174,#723,.T.);
#1438=EDGE_CURVE('',#1177,#1179,#724,.T.);
#1439=EDGE_CURVE('',#1179,#1180,#725,.T.);
#1440=EDGE_CURVE('',#1180,#1178,#726,.T.);
#1441=EDGE_CURVE('',#1180,#1176,#727,.T.);
#1442=EDGE_CURVE('',#1181,#1182,#728,.T.);
#1443=EDGE_CURVE('',#1183,#1181,#729,.T.);
#1444=EDGE_CURVE('',#1184,#1183,#730,.T.);
#1445=EDGE_CURVE('',#1182,#1184,#731,.T.);
#1446=EDGE_CURVE('',#1185,#1181,#732,.T.);
#1447=EDGE_CURVE('',#1186,#1185,#733,.T.);
#1448=EDGE_CURVE('',#1186,#1183,#734,.T.);
#1449=EDGE_CURVE('',#1187,#1182,#735,.T.);
#1450=EDGE_CURVE('',#1185,#1187,#736,.T.);
#1451=EDGE_CURVE('',#1187,#1188,#737,.T.);
#1452=EDGE_CURVE('',#1188,#1186,#738,.T.);
#1453=EDGE_CURVE('',#1188,#1184,#739,.T.);
#1454=EDGE_CURVE('',#1189,#1190,#740,.T.);
#1455=EDGE_CURVE('',#1191,#1189,#741,.T.);
#1456=EDGE_CURVE('',#1192,#1191,#742,.T.);
#1457=EDGE_CURVE('',#1190,#1192,#743,.T.);
#1458=EDGE_CURVE('',#1193,#1189,#744,.T.);
#1459=EDGE_CURVE('',#1194,#1193,#745,.T.);
#1460=EDGE_CURVE('',#1194,#1191,#746,.T.);
#1461=EDGE_CURVE('',#1195,#1190,#747,.T.);
#1462=EDGE_CURVE('',#1193,#1195,#748,.T.);
#1463=EDGE_CURVE('',#1195,#1196,#749,.T.);
#1464=EDGE_CURVE('',#1196,#1194,#750,.T.);
#1465=EDGE_CURVE('',#1196,#1192,#751,.T.);
#1466=EDGE_CURVE('',#1197,#1198,#752,.T.);
#1467=EDGE_CURVE('',#1199,#1197,#753,.T.);
#1468=EDGE_CURVE('',#1200,#1199,#754,.T.);
#1469=EDGE_CURVE('',#1198,#1200,#755,.T.);
#1470=EDGE_CURVE('',#1201,#1197,#756,.T.);
#1471=EDGE_CURVE('',#1202,#1201,#757,.T.);
#1472=EDGE_CURVE('',#1202,#1199,#758,.T.);
#1473=EDGE_CURVE('',#1203,#1198,#759,.T.);
#1474=EDGE_CURVE('',#1201,#1203,#760,.T.);
#1475=EDGE_CURVE('',#1203,#1204,#761,.T.);
#1476=EDGE_CURVE('',#1204,#1202,#762,.T.);
#1477=EDGE_CURVE('',#1204,#1200,#763,.T.);
#1478=EDGE_CURVE('',#1205,#1206,#764,.T.);
#1479=EDGE_CURVE('',#1207,#1205,#765,.T.);
#1480=EDGE_CURVE('',#1208,#1207,#766,.T.);
#1481=EDGE_CURVE('',#1206,#1208,#767,.T.);
#1482=EDGE_CURVE('',#1209,#1205,#768,.T.);
#1483=EDGE_CURVE('',#1210,#1209,#769,.T.);
#1484=EDGE_CURVE('',#1210,#1207,#770,.T.);
#1485=EDGE_CURVE('',#1211,#1206,#771,.T.);
#1486=EDGE_CURVE('',#1209,#1211,#772,.T.);
#1487=EDGE_CURVE('',#1211,#1212,#773,.T.);
#1488=EDGE_CURVE('',#1212,#1210,#774,.T.);
#1489=EDGE_CURVE('',#1212,#1208,#775,.T.);
#1490=EDGE_CURVE('',#1213,#1214,#776,.T.);
#1491=EDGE_CURVE('',#1215,#1213,#777,.T.);
#1492=EDGE_CURVE('',#1216,#1215,#778,.T.);
#1493=EDGE_CURVE('',#1214,#1216,#779,.T.);
#1494=EDGE_CURVE('',#1217,#1213,#780,.T.);
#1495=EDGE_CURVE('',#1218,#1217,#781,.T.);
#1496=EDGE_CURVE('',#1218,#1215,#782,.T.);
#1497=EDGE_CURVE('',#1219,#1214,#783,.T.);
#1498=EDGE_CURVE('',#1217,#1219,#784,.T.);
#1499=EDGE_CURVE('',#1219,#1220,#785,.T.);
#1500=EDGE_CURVE('',#1220,#1218,#786,.T.);
#1501=EDGE_CURVE('',#1220,#1216,#787,.T.);
#1502=EDGE_CURVE('',#1221,#1222,#788,.T.);
#1503=EDGE_CURVE('',#1223,#1221,#789,.T.);
#1504=EDGE_CURVE('',#1224,#1223,#790,.T.);
#1505=EDGE_CURVE('',#1222,#1224,#791,.T.);
#1506=EDGE_CURVE('',#1225,#1221,#792,.T.);
#1507=EDGE_CURVE('',#1226,#1225,#793,.T.);
#1508=EDGE_CURVE('',#1226,#1223,#794,.T.);
#1509=EDGE_CURVE('',#1227,#1222,#795,.T.);
#1510=EDGE_CURVE('',#1225,#1227,#796,.T.);
#1511=EDGE_CURVE('',#1227,#1228,#797,.T.);
#1512=EDGE_CURVE('',#1228,#1226,#798,.T.);
#1513=EDGE_CURVE('',#1228,#1224,#799,.T.);
#1514=EDGE_CURVE('',#1229,#1230,#800,.T.);
#1515=EDGE_CURVE('',#1231,#1229,#801,.T.);
#1516=EDGE_CURVE('',#1232,#1231,#802,.T.);
#1517=EDGE_CURVE('',#1230,#1232,#803,.T.);
#1518=EDGE_CURVE('',#1233,#1229,#804,.T.);
#1519=EDGE_CURVE('',#1234,#1233,#805,.T.);
#1520=EDGE_CURVE('',#1234,#1231,#806,.T.);
#1521=EDGE_CURVE('',#1235,#1230,#807,.T.);
#1522=EDGE_CURVE('',#1233,#1235,#808,.T.);
#1523=EDGE_CURVE('',#1235,#1236,#809,.T.);
#1524=EDGE_CURVE('',#1236,#1234,#810,.T.);
#1525=EDGE_CURVE('',#1236,#1232,#811,.T.);
#1526=EDGE_CURVE('',#1237,#1238,#812,.T.);
#1527=EDGE_CURVE('',#1239,#1237,#813,.T.);
#1528=EDGE_CURVE('',#1240,#1239,#814,.T.);
#1529=EDGE_CURVE('',#1238,#1240,#815,.T.);
#1530=EDGE_CURVE('',#1241,#1237,#816,.T.);
#1531=EDGE_CURVE('',#1242,#1241,#817,.T.);
#1532=EDGE_CURVE('',#1242,#1239,#818,.T.);
#1533=EDGE_CURVE('',#1243,#1238,#819,.T.);
#1534=EDGE_CURVE('',#1241,#1243,#820,.T.);
#1535=EDGE_CURVE('',#1243,#1244,#821,.T.);
#1536=EDGE_CURVE('',#1244,#1242,#822,.T.);
#1537=EDGE_CURVE('',#1244,#1240,#823,.T.);
#1538=EDGE_CURVE('',#1245,#1246,#824,.T.);
#1539=EDGE_CURVE('',#1247,#1245,#825,.T.);
#1540=EDGE_CURVE('',#1248,#1247,#826,.T.);
#1541=EDGE_CURVE('',#1246,#1248,#827,.T.);
#1542=EDGE_CURVE('',#1249,#1245,#828,.T.);
#1543=EDGE_CURVE('',#1250,#1249,#829,.T.);
#1544=EDGE_CURVE('',#1250,#1247,#830,.T.);
#1545=EDGE_CURVE('',#1251,#1246,#831,.T.);
#1546=EDGE_CURVE('',#1249,#1251,#832,.T.);
#1547=EDGE_CURVE('',#1251,#1252,#833,.T.);
#1548=EDGE_CURVE('',#1252,#1250,#834,.T.);
#1549=EDGE_CURVE('',#1252,#1248,#835,.T.);
#1550=ORIENTED_EDGE('',*,*,#1253,.F.);
#1551=ORIENTED_EDGE('',*,*,#1254,.F.);
#1552=ORIENTED_EDGE('',*,*,#1255,.F.);
#1553=ORIENTED_EDGE('',*,*,#1256,.F.);
#1554=ORIENTED_EDGE('',*,*,#1256,.T.);
#1555=ORIENTED_EDGE('',*,*,#1257,.F.);
#1556=ORIENTED_EDGE('',*,*,#1258,.F.);
#1557=ORIENTED_EDGE('',*,*,#1259,.T.);
#1558=ORIENTED_EDGE('',*,*,#1255,.T.);
#1559=ORIENTED_EDGE('',*,*,#1260,.F.);
#1560=ORIENTED_EDGE('',*,*,#1261,.F.);
#1561=ORIENTED_EDGE('',*,*,#1257,.T.);
#1562=ORIENTED_EDGE('',*,*,#1254,.T.);
#1563=ORIENTED_EDGE('',*,*,#1262,.F.);
#1564=ORIENTED_EDGE('',*,*,#1263,.F.);
#1565=ORIENTED_EDGE('',*,*,#1260,.T.);
#1566=ORIENTED_EDGE('',*,*,#1253,.T.);
#1567=ORIENTED_EDGE('',*,*,#1259,.F.);
#1568=ORIENTED_EDGE('',*,*,#1264,.F.);
#1569=ORIENTED_EDGE('',*,*,#1262,.T.);
#1570=ORIENTED_EDGE('',*,*,#1264,.T.);
#1571=ORIENTED_EDGE('',*,*,#1258,.T.);
#1572=ORIENTED_EDGE('',*,*,#1261,.T.);
#1573=ORIENTED_EDGE('',*,*,#1263,.T.);
#1574=ORIENTED_EDGE('',*,*,#1265,.T.);
#1575=ORIENTED_EDGE('',*,*,#1266,.F.);
#1576=ORIENTED_EDGE('',*,*,#1267,.T.);
#1577=ORIENTED_EDGE('',*,*,#1268,.F.);
#1578=ORIENTED_EDGE('',*,*,#1269,.T.);
#1579=ORIENTED_EDGE('',*,*,#1270,.T.);
#1580=ORIENTED_EDGE('',*,*,#1271,.T.);
#1581=ORIENTED_EDGE('',*,*,#1272,.T.);
#1582=ORIENTED_EDGE('',*,*,#1273,.T.);
#1583=ORIENTED_EDGE('',*,*,#1274,.T.);
#1584=ORIENTED_EDGE('',*,*,#1275,.T.);
#1585=ORIENTED_EDGE('',*,*,#1276,.T.);
#1586=ORIENTED_EDGE('',*,*,#1277,.T.);
#1587=ORIENTED_EDGE('',*,*,#1278,.T.);
#1588=ORIENTED_EDGE('',*,*,#1279,.T.);
#1589=ORIENTED_EDGE('',*,*,#1280,.T.);
#1590=ORIENTED_EDGE('',*,*,#1281,.T.);
#1591=ORIENTED_EDGE('',*,*,#1282,.T.);
#1592=ORIENTED_EDGE('',*,*,#1283,.T.);
#1593=ORIENTED_EDGE('',*,*,#1282,.F.);
#1594=ORIENTED_EDGE('',*,*,#1284,.T.);
#1595=ORIENTED_EDGE('',*,*,#1285,.F.);
#1596=ORIENTED_EDGE('',*,*,#1284,.F.);
#1597=ORIENTED_EDGE('',*,*,#1286,.T.);
#1598=ORIENTED_EDGE('',*,*,#1287,.T.);
#1599=ORIENTED_EDGE('',*,*,#1286,.F.);
#1600=ORIENTED_EDGE('',*,*,#1288,.T.);
#1601=ORIENTED_EDGE('',*,*,#1289,.F.);
#1602=ORIENTED_EDGE('',*,*,#1288,.F.);
#1603=ORIENTED_EDGE('',*,*,#1290,.T.);
#1604=ORIENTED_EDGE('',*,*,#1291,.T.);
#1605=ORIENTED_EDGE('',*,*,#1290,.F.);
#1606=ORIENTED_EDGE('',*,*,#1292,.T.);
#1607=ORIENTED_EDGE('',*,*,#1293,.F.);
#1608=ORIENTED_EDGE('',*,*,#1292,.F.);
#1609=ORIENTED_EDGE('',*,*,#1294,.T.);
#1610=ORIENTED_EDGE('',*,*,#1295,.T.);
#1611=ORIENTED_EDGE('',*,*,#1294,.F.);
#1612=ORIENTED_EDGE('',*,*,#1296,.T.);
#1613=ORIENTED_EDGE('',*,*,#1297,.F.);
#1614=ORIENTED_EDGE('',*,*,#1296,.F.);
#1615=ORIENTED_EDGE('',*,*,#1298,.T.);
#1616=ORIENTED_EDGE('',*,*,#1299,.T.);
#1617=ORIENTED_EDGE('',*,*,#1298,.F.);
#1618=ORIENTED_EDGE('',*,*,#1300,.T.);
#1619=ORIENTED_EDGE('',*,*,#1301,.F.);
#1620=ORIENTED_EDGE('',*,*,#1300,.F.);
#1621=ORIENTED_EDGE('',*,*,#1302,.T.);
#1622=ORIENTED_EDGE('',*,*,#1303,.T.);
#1623=ORIENTED_EDGE('',*,*,#1302,.F.);
#1624=ORIENTED_EDGE('',*,*,#1304,.T.);
#1625=ORIENTED_EDGE('',*,*,#1305,.F.);
#1626=ORIENTED_EDGE('',*,*,#1304,.F.);
#1627=ORIENTED_EDGE('',*,*,#1306,.T.);
#1628=ORIENTED_EDGE('',*,*,#1307,.T.);
#1629=ORIENTED_EDGE('',*,*,#1306,.F.);
#1630=ORIENTED_EDGE('',*,*,#1308,.T.);
#1631=ORIENTED_EDGE('',*,*,#1309,.F.);
#1632=ORIENTED_EDGE('',*,*,#1308,.F.);
#1633=ORIENTED_EDGE('',*,*,#1310,.T.);
#1634=ORIENTED_EDGE('',*,*,#1311,.T.);
#1635=ORIENTED_EDGE('',*,*,#1310,.F.);
#1636=ORIENTED_EDGE('',*,*,#1312,.T.);
#1637=ORIENTED_EDGE('',*,*,#1313,.F.);
#1638=ORIENTED_EDGE('',*,*,#1312,.F.);
#1639=ORIENTED_EDGE('',*,*,#1314,.T.);
#1640=ORIENTED_EDGE('',*,*,#1315,.T.);
#1641=ORIENTED_EDGE('',*,*,#1314,.F.);
#1642=ORIENTED_EDGE('',*,*,#1316,.T.);
#1643=ORIENTED_EDGE('',*,*,#1317,.F.);
#1644=ORIENTED_EDGE('',*,*,#1316,.F.);
#1645=ORIENTED_EDGE('',*,*,#1318,.T.);
#1646=ORIENTED_EDGE('',*,*,#1319,.T.);
#1647=ORIENTED_EDGE('',*,*,#1318,.F.);
#1648=ORIENTED_EDGE('',*,*,#1320,.T.);
#1649=ORIENTED_EDGE('',*,*,#1321,.F.);
#1650=ORIENTED_EDGE('',*,*,#1320,.F.);
#1651=ORIENTED_EDGE('',*,*,#1322,.T.);
#1652=ORIENTED_EDGE('',*,*,#1323,.T.);
#1653=ORIENTED_EDGE('',*,*,#1324,.T.);
#1654=ORIENTED_EDGE('',*,*,#1323,.F.);
#1655=ORIENTED_EDGE('',*,*,#1325,.T.);
#1656=ORIENTED_EDGE('',*,*,#1326,.T.);
#1657=ORIENTED_EDGE('',*,*,#1327,.T.);
#1658=ORIENTED_EDGE('',*,*,#1326,.F.);
#1659=ORIENTED_EDGE('',*,*,#1328,.T.);
#1660=ORIENTED_EDGE('',*,*,#1329,.F.);
#1661=ORIENTED_EDGE('',*,*,#1330,.T.);
#1662=ORIENTED_EDGE('',*,*,#1331,.F.);
#1663=ORIENTED_EDGE('',*,*,#1332,.T.);
#1664=ORIENTED_EDGE('',*,*,#1333,.T.);
#1665=ORIENTED_EDGE('',*,*,#1334,.T.);
#1666=ORIENTED_EDGE('',*,*,#1285,.T.);
#1667=ORIENTED_EDGE('',*,*,#1289,.T.);
#1668=ORIENTED_EDGE('',*,*,#1297,.T.);
#1669=ORIENTED_EDGE('',*,*,#1293,.T.);
#1670=ORIENTED_EDGE('',*,*,#1317,.T.);
#1671=ORIENTED_EDGE('',*,*,#1321,.T.);
#1672=ORIENTED_EDGE('',*,*,#1309,.T.);
#1673=ORIENTED_EDGE('',*,*,#1313,.T.);
#1674=ORIENTED_EDGE('',*,*,#1305,.T.);
#1675=ORIENTED_EDGE('',*,*,#1301,.T.);
#1676=ORIENTED_EDGE('',*,*,#1335,.T.);
#1677=ORIENTED_EDGE('',*,*,#1331,.T.);
#1678=ORIENTED_EDGE('',*,*,#1336,.T.);
#1679=ORIENTED_EDGE('',*,*,#1266,.T.);
#1680=ORIENTED_EDGE('',*,*,#1267,.F.);
#1681=ORIENTED_EDGE('',*,*,#1336,.F.);
#1682=ORIENTED_EDGE('',*,*,#1330,.F.);
#1683=ORIENTED_EDGE('',*,*,#1337,.F.);
#1684=ORIENTED_EDGE('',*,*,#1338,.T.);
#1685=ORIENTED_EDGE('',*,*,#1268,.T.);
#1686=ORIENTED_EDGE('',*,*,#1337,.T.);
#1687=ORIENTED_EDGE('',*,*,#1329,.T.);
#1688=ORIENTED_EDGE('',*,*,#1265,.F.);
#1689=ORIENTED_EDGE('',*,*,#1338,.F.);
#1690=ORIENTED_EDGE('',*,*,#1328,.F.);
#1691=ORIENTED_EDGE('',*,*,#1335,.F.);
#1692=ORIENTED_EDGE('',*,*,#1339,.T.);
#1693=ORIENTED_EDGE('',*,*,#1340,.T.);
#1694=ORIENTED_EDGE('',*,*,#1341,.T.);
#1695=ORIENTED_EDGE('',*,*,#1340,.F.);
#1696=ORIENTED_EDGE('',*,*,#1342,.F.);
#1697=ORIENTED_EDGE('',*,*,#1339,.F.);
#1698=ORIENTED_EDGE('',*,*,#1281,.F.);
#1699=ORIENTED_EDGE('',*,*,#1343,.T.);
#1700=ORIENTED_EDGE('',*,*,#1342,.T.);
#1701=ORIENTED_EDGE('',*,*,#1343,.F.);
#1702=ORIENTED_EDGE('',*,*,#1344,.F.);
#1703=ORIENTED_EDGE('',*,*,#1341,.F.);
#1704=ORIENTED_EDGE('',*,*,#1334,.F.);
#1705=ORIENTED_EDGE('',*,*,#1345,.T.);
#1706=ORIENTED_EDGE('',*,*,#1344,.T.);
#1707=ORIENTED_EDGE('',*,*,#1345,.F.);
#1708=ORIENTED_EDGE('',*,*,#1346,.F.);
#1709=ORIENTED_EDGE('',*,*,#1327,.F.);
#1710=ORIENTED_EDGE('',*,*,#1280,.F.);
#1711=ORIENTED_EDGE('',*,*,#1347,.T.);
#1712=ORIENTED_EDGE('',*,*,#1346,.T.);
#1713=ORIENTED_EDGE('',*,*,#1347,.F.);
#1714=ORIENTED_EDGE('',*,*,#1348,.F.);
#1715=ORIENTED_EDGE('',*,*,#1322,.F.);
#1716=ORIENTED_EDGE('',*,*,#1279,.F.);
#1717=ORIENTED_EDGE('',*,*,#1349,.T.);
#1718=ORIENTED_EDGE('',*,*,#1348,.T.);
#1719=ORIENTED_EDGE('',*,*,#1349,.F.);
#1720=ORIENTED_EDGE('',*,*,#1350,.F.);
#1721=ORIENTED_EDGE('',*,*,#1324,.F.);
#1722=ORIENTED_EDGE('',*,*,#1333,.F.);
#1723=ORIENTED_EDGE('',*,*,#1351,.T.);
#1724=ORIENTED_EDGE('',*,*,#1350,.T.);
#1725=ORIENTED_EDGE('',*,*,#1351,.F.);
#1726=ORIENTED_EDGE('',*,*,#1352,.F.);
#1727=ORIENTED_EDGE('',*,*,#1325,.F.);
#1728=ORIENTED_EDGE('',*,*,#1332,.F.);
#1729=ORIENTED_EDGE('',*,*,#1353,.T.);
#1730=ORIENTED_EDGE('',*,*,#1352,.T.);
#1731=ORIENTED_EDGE('',*,*,#1353,.F.);
#1732=ORIENTED_EDGE('',*,*,#1354,.F.);
#1733=ORIENTED_EDGE('',*,*,#1355,.T.);
#1734=ORIENTED_EDGE('',*,*,#1319,.F.);
#1735=ORIENTED_EDGE('',*,*,#1355,.F.);
#1736=ORIENTED_EDGE('',*,*,#1356,.T.);
#1737=ORIENTED_EDGE('',*,*,#1354,.T.);
#1738=ORIENTED_EDGE('',*,*,#1356,.F.);
#1739=ORIENTED_EDGE('',*,*,#1357,.T.);
#1740=ORIENTED_EDGE('',*,*,#1278,.F.);
#1741=ORIENTED_EDGE('',*,*,#1357,.F.);
#1742=ORIENTED_EDGE('',*,*,#1358,.F.);
#1743=ORIENTED_EDGE('',*,*,#1359,.T.);
#1744=ORIENTED_EDGE('',*,*,#1311,.F.);
#1745=ORIENTED_EDGE('',*,*,#1359,.F.);
#1746=ORIENTED_EDGE('',*,*,#1360,.T.);
#1747=ORIENTED_EDGE('',*,*,#1358,.T.);
#1748=ORIENTED_EDGE('',*,*,#1360,.F.);
#1749=ORIENTED_EDGE('',*,*,#1361,.T.);
#1750=ORIENTED_EDGE('',*,*,#1277,.F.);
#1751=ORIENTED_EDGE('',*,*,#1361,.F.);
#1752=ORIENTED_EDGE('',*,*,#1362,.F.);
#1753=ORIENTED_EDGE('',*,*,#1363,.T.);
#1754=ORIENTED_EDGE('',*,*,#1303,.F.);
#1755=ORIENTED_EDGE('',*,*,#1363,.F.);
#1756=ORIENTED_EDGE('',*,*,#1364,.T.);
#1757=ORIENTED_EDGE('',*,*,#1362,.T.);
#1758=ORIENTED_EDGE('',*,*,#1364,.F.);
#1759=ORIENTED_EDGE('',*,*,#1365,.T.);
#1760=ORIENTED_EDGE('',*,*,#1276,.F.);
#1761=ORIENTED_EDGE('',*,*,#1365,.F.);
#1762=ORIENTED_EDGE('',*,*,#1366,.F.);
#1763=ORIENTED_EDGE('',*,*,#1367,.T.);
#1764=ORIENTED_EDGE('',*,*,#1295,.F.);
#1765=ORIENTED_EDGE('',*,*,#1367,.F.);
#1766=ORIENTED_EDGE('',*,*,#1368,.T.);
#1767=ORIENTED_EDGE('',*,*,#1366,.T.);
#1768=ORIENTED_EDGE('',*,*,#1368,.F.);
#1769=ORIENTED_EDGE('',*,*,#1369,.T.);
#1770=ORIENTED_EDGE('',*,*,#1275,.F.);
#1771=ORIENTED_EDGE('',*,*,#1369,.F.);
#1772=ORIENTED_EDGE('',*,*,#1370,.F.);
#1773=ORIENTED_EDGE('',*,*,#1371,.T.);
#1774=ORIENTED_EDGE('',*,*,#1287,.F.);
#1775=ORIENTED_EDGE('',*,*,#1371,.F.);
#1776=ORIENTED_EDGE('',*,*,#1372,.T.);
#1777=ORIENTED_EDGE('',*,*,#1370,.T.);
#1778=ORIENTED_EDGE('',*,*,#1372,.F.);
#1779=ORIENTED_EDGE('',*,*,#1373,.T.);
#1780=ORIENTED_EDGE('',*,*,#1274,.F.);
#1781=ORIENTED_EDGE('',*,*,#1373,.F.);
#1782=ORIENTED_EDGE('',*,*,#1374,.F.);
#1783=ORIENTED_EDGE('',*,*,#1375,.T.);
#1784=ORIENTED_EDGE('',*,*,#1283,.F.);
#1785=ORIENTED_EDGE('',*,*,#1375,.F.);
#1786=ORIENTED_EDGE('',*,*,#1376,.T.);
#1787=ORIENTED_EDGE('',*,*,#1374,.T.);
#1788=ORIENTED_EDGE('',*,*,#1376,.F.);
#1789=ORIENTED_EDGE('',*,*,#1377,.T.);
#1790=ORIENTED_EDGE('',*,*,#1273,.F.);
#1791=ORIENTED_EDGE('',*,*,#1377,.F.);
#1792=ORIENTED_EDGE('',*,*,#1378,.F.);
#1793=ORIENTED_EDGE('',*,*,#1379,.T.);
#1794=ORIENTED_EDGE('',*,*,#1291,.F.);
#1795=ORIENTED_EDGE('',*,*,#1379,.F.);
#1796=ORIENTED_EDGE('',*,*,#1380,.T.);
#1797=ORIENTED_EDGE('',*,*,#1378,.T.);
#1798=ORIENTED_EDGE('',*,*,#1380,.F.);
#1799=ORIENTED_EDGE('',*,*,#1381,.T.);
#1800=ORIENTED_EDGE('',*,*,#1272,.F.);
#1801=ORIENTED_EDGE('',*,*,#1381,.F.);
#1802=ORIENTED_EDGE('',*,*,#1382,.F.);
#1803=ORIENTED_EDGE('',*,*,#1383,.T.);
#1804=ORIENTED_EDGE('',*,*,#1299,.F.);
#1805=ORIENTED_EDGE('',*,*,#1383,.F.);
#1806=ORIENTED_EDGE('',*,*,#1384,.T.);
#1807=ORIENTED_EDGE('',*,*,#1382,.T.);
#1808=ORIENTED_EDGE('',*,*,#1384,.F.);
#1809=ORIENTED_EDGE('',*,*,#1385,.T.);
#1810=ORIENTED_EDGE('',*,*,#1271,.F.);
#1811=ORIENTED_EDGE('',*,*,#1385,.F.);
#1812=ORIENTED_EDGE('',*,*,#1386,.F.);
#1813=ORIENTED_EDGE('',*,*,#1387,.T.);
#1814=ORIENTED_EDGE('',*,*,#1307,.F.);
#1815=ORIENTED_EDGE('',*,*,#1387,.F.);
#1816=ORIENTED_EDGE('',*,*,#1388,.T.);
#1817=ORIENTED_EDGE('',*,*,#1386,.T.);
#1818=ORIENTED_EDGE('',*,*,#1388,.F.);
#1819=ORIENTED_EDGE('',*,*,#1389,.T.);
#1820=ORIENTED_EDGE('',*,*,#1270,.F.);
#1821=ORIENTED_EDGE('',*,*,#1389,.F.);
#1822=ORIENTED_EDGE('',*,*,#1390,.F.);
#1823=ORIENTED_EDGE('',*,*,#1391,.T.);
#1824=ORIENTED_EDGE('',*,*,#1315,.F.);
#1825=ORIENTED_EDGE('',*,*,#1391,.F.);
#1826=ORIENTED_EDGE('',*,*,#1392,.T.);
#1827=ORIENTED_EDGE('',*,*,#1390,.T.);
#1828=ORIENTED_EDGE('',*,*,#1392,.F.);
#1829=ORIENTED_EDGE('',*,*,#1393,.T.);
#1830=ORIENTED_EDGE('',*,*,#1269,.F.);
#1831=ORIENTED_EDGE('',*,*,#1393,.F.);
#1832=ORIENTED_EDGE('',*,*,#1394,.F.);
#1833=ORIENTED_EDGE('',*,*,#1395,.F.);
#1834=ORIENTED_EDGE('',*,*,#1396,.F.);
#1835=ORIENTED_EDGE('',*,*,#1397,.F.);
#1836=ORIENTED_EDGE('',*,*,#1395,.T.);
#1837=ORIENTED_EDGE('',*,*,#1398,.F.);
#1838=ORIENTED_EDGE('',*,*,#1399,.F.);
#1839=ORIENTED_EDGE('',*,*,#1400,.T.);
#1840=ORIENTED_EDGE('',*,*,#1394,.T.);
#1841=ORIENTED_EDGE('',*,*,#1401,.F.);
#1842=ORIENTED_EDGE('',*,*,#1402,.F.);
#1843=ORIENTED_EDGE('',*,*,#1398,.T.);
#1844=ORIENTED_EDGE('',*,*,#1403,.T.);
#1845=ORIENTED_EDGE('',*,*,#1404,.T.);
#1846=ORIENTED_EDGE('',*,*,#1399,.T.);
#1847=ORIENTED_EDGE('',*,*,#1402,.T.);
#1848=ORIENTED_EDGE('',*,*,#1397,.T.);
#1849=ORIENTED_EDGE('',*,*,#1405,.F.);
#1850=ORIENTED_EDGE('',*,*,#1403,.F.);
#1851=ORIENTED_EDGE('',*,*,#1401,.T.);
#1852=ORIENTED_EDGE('',*,*,#1396,.T.);
#1853=ORIENTED_EDGE('',*,*,#1400,.F.);
#1854=ORIENTED_EDGE('',*,*,#1404,.F.);
#1855=ORIENTED_EDGE('',*,*,#1405,.T.);
#1856=ORIENTED_EDGE('',*,*,#1406,.F.);
#1857=ORIENTED_EDGE('',*,*,#1407,.F.);
#1858=ORIENTED_EDGE('',*,*,#1408,.F.);
#1859=ORIENTED_EDGE('',*,*,#1409,.F.);
#1860=ORIENTED_EDGE('',*,*,#1407,.T.);
#1861=ORIENTED_EDGE('',*,*,#1410,.F.);
#1862=ORIENTED_EDGE('',*,*,#1411,.F.);
#1863=ORIENTED_EDGE('',*,*,#1412,.T.);
#1864=ORIENTED_EDGE('',*,*,#1406,.T.);
#1865=ORIENTED_EDGE('',*,*,#1413,.F.);
#1866=ORIENTED_EDGE('',*,*,#1414,.F.);
#1867=ORIENTED_EDGE('',*,*,#1410,.T.);
#1868=ORIENTED_EDGE('',*,*,#1415,.T.);
#1869=ORIENTED_EDGE('',*,*,#1416,.T.);
#1870=ORIENTED_EDGE('',*,*,#1411,.T.);
#1871=ORIENTED_EDGE('',*,*,#1414,.T.);
#1872=ORIENTED_EDGE('',*,*,#1409,.T.);
#1873=ORIENTED_EDGE('',*,*,#1417,.F.);
#1874=ORIENTED_EDGE('',*,*,#1415,.F.);
#1875=ORIENTED_EDGE('',*,*,#1413,.T.);
#1876=ORIENTED_EDGE('',*,*,#1408,.T.);
#1877=ORIENTED_EDGE('',*,*,#1412,.F.);
#1878=ORIENTED_EDGE('',*,*,#1416,.F.);
#1879=ORIENTED_EDGE('',*,*,#1417,.T.);
#1880=ORIENTED_EDGE('',*,*,#1418,.F.);
#1881=ORIENTED_EDGE('',*,*,#1419,.F.);
#1882=ORIENTED_EDGE('',*,*,#1420,.F.);
#1883=ORIENTED_EDGE('',*,*,#1421,.F.);
#1884=ORIENTED_EDGE('',*,*,#1419,.T.);
#1885=ORIENTED_EDGE('',*,*,#1422,.F.);
#1886=ORIENTED_EDGE('',*,*,#1423,.F.);
#1887=ORIENTED_EDGE('',*,*,#1424,.T.);
#1888=ORIENTED_EDGE('',*,*,#1418,.T.);
#1889=ORIENTED_EDGE('',*,*,#1425,.F.);
#1890=ORIENTED_EDGE('',*,*,#1426,.F.);
#1891=ORIENTED_EDGE('',*,*,#1422,.T.);
#1892=ORIENTED_EDGE('',*,*,#1427,.T.);
#1893=ORIENTED_EDGE('',*,*,#1428,.T.);
#1894=ORIENTED_EDGE('',*,*,#1423,.T.);
#1895=ORIENTED_EDGE('',*,*,#1426,.T.);
#1896=ORIENTED_EDGE('',*,*,#1421,.T.);
#1897=ORIENTED_EDGE('',*,*,#1429,.F.);
#1898=ORIENTED_EDGE('',*,*,#1427,.F.);
#1899=ORIENTED_EDGE('',*,*,#1425,.T.);
#1900=ORIENTED_EDGE('',*,*,#1420,.T.);
#1901=ORIENTED_EDGE('',*,*,#1424,.F.);
#1902=ORIENTED_EDGE('',*,*,#1428,.F.);
#1903=ORIENTED_EDGE('',*,*,#1429,.T.);
#1904=ORIENTED_EDGE('',*,*,#1430,.F.);
#1905=ORIENTED_EDGE('',*,*,#1431,.F.);
#1906=ORIENTED_EDGE('',*,*,#1432,.F.);
#1907=ORIENTED_EDGE('',*,*,#1433,.F.);
#1908=ORIENTED_EDGE('',*,*,#1431,.T.);
#1909=ORIENTED_EDGE('',*,*,#1434,.F.);
#1910=ORIENTED_EDGE('',*,*,#1435,.F.);
#1911=ORIENTED_EDGE('',*,*,#1436,.T.);
#1912=ORIENTED_EDGE('',*,*,#1430,.T.);
#1913=ORIENTED_EDGE('',*,*,#1437,.F.);
#1914=ORIENTED_EDGE('',*,*,#1438,.F.);
#1915=ORIENTED_EDGE('',*,*,#1434,.T.);
#1916=ORIENTED_EDGE('',*,*,#1439,.T.);
#1917=ORIENTED_EDGE('',*,*,#1440,.T.);
#1918=ORIENTED_EDGE('',*,*,#1435,.T.);
#1919=ORIENTED_EDGE('',*,*,#1438,.T.);
#1920=ORIENTED_EDGE('',*,*,#1433,.T.);
#1921=ORIENTED_EDGE('',*,*,#1441,.F.);
#1922=ORIENTED_EDGE('',*,*,#1439,.F.);
#1923=ORIENTED_EDGE('',*,*,#1437,.T.);
#1924=ORIENTED_EDGE('',*,*,#1432,.T.);
#1925=ORIENTED_EDGE('',*,*,#1436,.F.);
#1926=ORIENTED_EDGE('',*,*,#1440,.F.);
#1927=ORIENTED_EDGE('',*,*,#1441,.T.);
#1928=ORIENTED_EDGE('',*,*,#1442,.F.);
#1929=ORIENTED_EDGE('',*,*,#1443,.F.);
#1930=ORIENTED_EDGE('',*,*,#1444,.F.);
#1931=ORIENTED_EDGE('',*,*,#1445,.F.);
#1932=ORIENTED_EDGE('',*,*,#1443,.T.);
#1933=ORIENTED_EDGE('',*,*,#1446,.F.);
#1934=ORIENTED_EDGE('',*,*,#1447,.F.);
#1935=ORIENTED_EDGE('',*,*,#1448,.T.);
#1936=ORIENTED_EDGE('',*,*,#1442,.T.);
#1937=ORIENTED_EDGE('',*,*,#1449,.F.);
#1938=ORIENTED_EDGE('',*,*,#1450,.F.);
#1939=ORIENTED_EDGE('',*,*,#1446,.T.);
#1940=ORIENTED_EDGE('',*,*,#1451,.T.);
#1941=ORIENTED_EDGE('',*,*,#1452,.T.);
#1942=ORIENTED_EDGE('',*,*,#1447,.T.);
#1943=ORIENTED_EDGE('',*,*,#1450,.T.);
#1944=ORIENTED_EDGE('',*,*,#1445,.T.);
#1945=ORIENTED_EDGE('',*,*,#1453,.F.);
#1946=ORIENTED_EDGE('',*,*,#1451,.F.);
#1947=ORIENTED_EDGE('',*,*,#1449,.T.);
#1948=ORIENTED_EDGE('',*,*,#1444,.T.);
#1949=ORIENTED_EDGE('',*,*,#1448,.F.);
#1950=ORIENTED_EDGE('',*,*,#1452,.F.);
#1951=ORIENTED_EDGE('',*,*,#1453,.T.);
#1952=ORIENTED_EDGE('',*,*,#1454,.F.);
#1953=ORIENTED_EDGE('',*,*,#1455,.F.);
#1954=ORIENTED_EDGE('',*,*,#1456,.F.);
#1955=ORIENTED_EDGE('',*,*,#1457,.F.);
#1956=ORIENTED_EDGE('',*,*,#1455,.T.);
#1957=ORIENTED_EDGE('',*,*,#1458,.F.);
#1958=ORIENTED_EDGE('',*,*,#1459,.F.);
#1959=ORIENTED_EDGE('',*,*,#1460,.T.);
#1960=ORIENTED_EDGE('',*,*,#1454,.T.);
#1961=ORIENTED_EDGE('',*,*,#1461,.F.);
#1962=ORIENTED_EDGE('',*,*,#1462,.F.);
#1963=ORIENTED_EDGE('',*,*,#1458,.T.);
#1964=ORIENTED_EDGE('',*,*,#1463,.T.);
#1965=ORIENTED_EDGE('',*,*,#1464,.T.);
#1966=ORIENTED_EDGE('',*,*,#1459,.T.);
#1967=ORIENTED_EDGE('',*,*,#1462,.T.);
#1968=ORIENTED_EDGE('',*,*,#1457,.T.);
#1969=ORIENTED_EDGE('',*,*,#1465,.F.);
#1970=ORIENTED_EDGE('',*,*,#1463,.F.);
#1971=ORIENTED_EDGE('',*,*,#1461,.T.);
#1972=ORIENTED_EDGE('',*,*,#1456,.T.);
#1973=ORIENTED_EDGE('',*,*,#1460,.F.);
#1974=ORIENTED_EDGE('',*,*,#1464,.F.);
#1975=ORIENTED_EDGE('',*,*,#1465,.T.);
#1976=ORIENTED_EDGE('',*,*,#1466,.F.);
#1977=ORIENTED_EDGE('',*,*,#1467,.F.);
#1978=ORIENTED_EDGE('',*,*,#1468,.F.);
#1979=ORIENTED_EDGE('',*,*,#1469,.F.);
#1980=ORIENTED_EDGE('',*,*,#1467,.T.);
#1981=ORIENTED_EDGE('',*,*,#1470,.F.);
#1982=ORIENTED_EDGE('',*,*,#1471,.F.);
#1983=ORIENTED_EDGE('',*,*,#1472,.T.);
#1984=ORIENTED_EDGE('',*,*,#1466,.T.);
#1985=ORIENTED_EDGE('',*,*,#1473,.F.);
#1986=ORIENTED_EDGE('',*,*,#1474,.F.);
#1987=ORIENTED_EDGE('',*,*,#1470,.T.);
#1988=ORIENTED_EDGE('',*,*,#1475,.T.);
#1989=ORIENTED_EDGE('',*,*,#1476,.T.);
#1990=ORIENTED_EDGE('',*,*,#1471,.T.);
#1991=ORIENTED_EDGE('',*,*,#1474,.T.);
#1992=ORIENTED_EDGE('',*,*,#1469,.T.);
#1993=ORIENTED_EDGE('',*,*,#1477,.F.);
#1994=ORIENTED_EDGE('',*,*,#1475,.F.);
#1995=ORIENTED_EDGE('',*,*,#1473,.T.);
#1996=ORIENTED_EDGE('',*,*,#1468,.T.);
#1997=ORIENTED_EDGE('',*,*,#1472,.F.);
#1998=ORIENTED_EDGE('',*,*,#1476,.F.);
#1999=ORIENTED_EDGE('',*,*,#1477,.T.);
#2000=ORIENTED_EDGE('',*,*,#1478,.F.);
#2001=ORIENTED_EDGE('',*,*,#1479,.F.);
#2002=ORIENTED_EDGE('',*,*,#1480,.F.);
#2003=ORIENTED_EDGE('',*,*,#1481,.F.);
#2004=ORIENTED_EDGE('',*,*,#1479,.T.);
#2005=ORIENTED_EDGE('',*,*,#1482,.F.);
#2006=ORIENTED_EDGE('',*,*,#1483,.F.);
#2007=ORIENTED_EDGE('',*,*,#1484,.T.);
#2008=ORIENTED_EDGE('',*,*,#1478,.T.);
#2009=ORIENTED_EDGE('',*,*,#1485,.F.);
#2010=ORIENTED_EDGE('',*,*,#1486,.F.);
#2011=ORIENTED_EDGE('',*,*,#1482,.T.);
#2012=ORIENTED_EDGE('',*,*,#1487,.T.);
#2013=ORIENTED_EDGE('',*,*,#1488,.T.);
#2014=ORIENTED_EDGE('',*,*,#1483,.T.);
#2015=ORIENTED_EDGE('',*,*,#1486,.T.);
#2016=ORIENTED_EDGE('',*,*,#1481,.T.);
#2017=ORIENTED_EDGE('',*,*,#1489,.F.);
#2018=ORIENTED_EDGE('',*,*,#1487,.F.);
#2019=ORIENTED_EDGE('',*,*,#1485,.T.);
#2020=ORIENTED_EDGE('',*,*,#1480,.T.);
#2021=ORIENTED_EDGE('',*,*,#1484,.F.);
#2022=ORIENTED_EDGE('',*,*,#1488,.F.);
#2023=ORIENTED_EDGE('',*,*,#1489,.T.);
#2024=ORIENTED_EDGE('',*,*,#1490,.F.);
#2025=ORIENTED_EDGE('',*,*,#1491,.F.);
#2026=ORIENTED_EDGE('',*,*,#1492,.F.);
#2027=ORIENTED_EDGE('',*,*,#1493,.F.);
#2028=ORIENTED_EDGE('',*,*,#1491,.T.);
#2029=ORIENTED_EDGE('',*,*,#1494,.F.);
#2030=ORIENTED_EDGE('',*,*,#1495,.F.);
#2031=ORIENTED_EDGE('',*,*,#1496,.T.);
#2032=ORIENTED_EDGE('',*,*,#1490,.T.);
#2033=ORIENTED_EDGE('',*,*,#1497,.F.);
#2034=ORIENTED_EDGE('',*,*,#1498,.F.);
#2035=ORIENTED_EDGE('',*,*,#1494,.T.);
#2036=ORIENTED_EDGE('',*,*,#1499,.T.);
#2037=ORIENTED_EDGE('',*,*,#1500,.T.);
#2038=ORIENTED_EDGE('',*,*,#1495,.T.);
#2039=ORIENTED_EDGE('',*,*,#1498,.T.);
#2040=ORIENTED_EDGE('',*,*,#1493,.T.);
#2041=ORIENTED_EDGE('',*,*,#1501,.F.);
#2042=ORIENTED_EDGE('',*,*,#1499,.F.);
#2043=ORIENTED_EDGE('',*,*,#1497,.T.);
#2044=ORIENTED_EDGE('',*,*,#1492,.T.);
#2045=ORIENTED_EDGE('',*,*,#1496,.F.);
#2046=ORIENTED_EDGE('',*,*,#1500,.F.);
#2047=ORIENTED_EDGE('',*,*,#1501,.T.);
#2048=ORIENTED_EDGE('',*,*,#1502,.F.);
#2049=ORIENTED_EDGE('',*,*,#1503,.F.);
#2050=ORIENTED_EDGE('',*,*,#1504,.F.);
#2051=ORIENTED_EDGE('',*,*,#1505,.F.);
#2052=ORIENTED_EDGE('',*,*,#1503,.T.);
#2053=ORIENTED_EDGE('',*,*,#1506,.F.);
#2054=ORIENTED_EDGE('',*,*,#1507,.F.);
#2055=ORIENTED_EDGE('',*,*,#1508,.T.);
#2056=ORIENTED_EDGE('',*,*,#1502,.T.);
#2057=ORIENTED_EDGE('',*,*,#1509,.F.);
#2058=ORIENTED_EDGE('',*,*,#1510,.F.);
#2059=ORIENTED_EDGE('',*,*,#1506,.T.);
#2060=ORIENTED_EDGE('',*,*,#1511,.T.);
#2061=ORIENTED_EDGE('',*,*,#1512,.T.);
#2062=ORIENTED_EDGE('',*,*,#1507,.T.);
#2063=ORIENTED_EDGE('',*,*,#1510,.T.);
#2064=ORIENTED_EDGE('',*,*,#1505,.T.);
#2065=ORIENTED_EDGE('',*,*,#1513,.F.);
#2066=ORIENTED_EDGE('',*,*,#1511,.F.);
#2067=ORIENTED_EDGE('',*,*,#1509,.T.);
#2068=ORIENTED_EDGE('',*,*,#1504,.T.);
#2069=ORIENTED_EDGE('',*,*,#1508,.F.);
#2070=ORIENTED_EDGE('',*,*,#1512,.F.);
#2071=ORIENTED_EDGE('',*,*,#1513,.T.);
#2072=ORIENTED_EDGE('',*,*,#1514,.F.);
#2073=ORIENTED_EDGE('',*,*,#1515,.F.);
#2074=ORIENTED_EDGE('',*,*,#1516,.F.);
#2075=ORIENTED_EDGE('',*,*,#1517,.F.);
#2076=ORIENTED_EDGE('',*,*,#1515,.T.);
#2077=ORIENTED_EDGE('',*,*,#1518,.F.);
#2078=ORIENTED_EDGE('',*,*,#1519,.F.);
#2079=ORIENTED_EDGE('',*,*,#1520,.T.);
#2080=ORIENTED_EDGE('',*,*,#1514,.T.);
#2081=ORIENTED_EDGE('',*,*,#1521,.F.);
#2082=ORIENTED_EDGE('',*,*,#1522,.F.);
#2083=ORIENTED_EDGE('',*,*,#1518,.T.);
#2084=ORIENTED_EDGE('',*,*,#1523,.T.);
#2085=ORIENTED_EDGE('',*,*,#1524,.T.);
#2086=ORIENTED_EDGE('',*,*,#1519,.T.);
#2087=ORIENTED_EDGE('',*,*,#1522,.T.);
#2088=ORIENTED_EDGE('',*,*,#1517,.T.);
#2089=ORIENTED_EDGE('',*,*,#1525,.F.);
#2090=ORIENTED_EDGE('',*,*,#1523,.F.);
#2091=ORIENTED_EDGE('',*,*,#1521,.T.);
#2092=ORIENTED_EDGE('',*,*,#1516,.T.);
#2093=ORIENTED_EDGE('',*,*,#1520,.F.);
#2094=ORIENTED_EDGE('',*,*,#1524,.F.);
#2095=ORIENTED_EDGE('',*,*,#1525,.T.);
#2096=ORIENTED_EDGE('',*,*,#1526,.F.);
#2097=ORIENTED_EDGE('',*,*,#1527,.F.);
#2098=ORIENTED_EDGE('',*,*,#1528,.F.);
#2099=ORIENTED_EDGE('',*,*,#1529,.F.);
#2100=ORIENTED_EDGE('',*,*,#1527,.T.);
#2101=ORIENTED_EDGE('',*,*,#1530,.F.);
#2102=ORIENTED_EDGE('',*,*,#1531,.F.);
#2103=ORIENTED_EDGE('',*,*,#1532,.T.);
#2104=ORIENTED_EDGE('',*,*,#1526,.T.);
#2105=ORIENTED_EDGE('',*,*,#1533,.F.);
#2106=ORIENTED_EDGE('',*,*,#1534,.F.);
#2107=ORIENTED_EDGE('',*,*,#1530,.T.);
#2108=ORIENTED_EDGE('',*,*,#1535,.T.);
#2109=ORIENTED_EDGE('',*,*,#1536,.T.);
#2110=ORIENTED_EDGE('',*,*,#1531,.T.);
#2111=ORIENTED_EDGE('',*,*,#1534,.T.);
#2112=ORIENTED_EDGE('',*,*,#1529,.T.);
#2113=ORIENTED_EDGE('',*,*,#1537,.F.);
#2114=ORIENTED_EDGE('',*,*,#1535,.F.);
#2115=ORIENTED_EDGE('',*,*,#1533,.T.);
#2116=ORIENTED_EDGE('',*,*,#1528,.T.);
#2117=ORIENTED_EDGE('',*,*,#1532,.F.);
#2118=ORIENTED_EDGE('',*,*,#1536,.F.);
#2119=ORIENTED_EDGE('',*,*,#1537,.T.);
#2120=ORIENTED_EDGE('',*,*,#1538,.F.);
#2121=ORIENTED_EDGE('',*,*,#1539,.F.);
#2122=ORIENTED_EDGE('',*,*,#1540,.F.);
#2123=ORIENTED_EDGE('',*,*,#1541,.F.);
#2124=ORIENTED_EDGE('',*,*,#1539,.T.);
#2125=ORIENTED_EDGE('',*,*,#1542,.F.);
#2126=ORIENTED_EDGE('',*,*,#1543,.F.);
#2127=ORIENTED_EDGE('',*,*,#1544,.T.);
#2128=ORIENTED_EDGE('',*,*,#1538,.T.);
#2129=ORIENTED_EDGE('',*,*,#1545,.F.);
#2130=ORIENTED_EDGE('',*,*,#1546,.F.);
#2131=ORIENTED_EDGE('',*,*,#1542,.T.);
#2132=ORIENTED_EDGE('',*,*,#1547,.T.);
#2133=ORIENTED_EDGE('',*,*,#1548,.T.);
#2134=ORIENTED_EDGE('',*,*,#1543,.T.);
#2135=ORIENTED_EDGE('',*,*,#1546,.T.);
#2136=ORIENTED_EDGE('',*,*,#1541,.T.);
#2137=ORIENTED_EDGE('',*,*,#1549,.F.);
#2138=ORIENTED_EDGE('',*,*,#1547,.F.);
#2139=ORIENTED_EDGE('',*,*,#1545,.T.);
#2140=ORIENTED_EDGE('',*,*,#1540,.T.);
#2141=ORIENTED_EDGE('',*,*,#1544,.F.);
#2142=ORIENTED_EDGE('',*,*,#1548,.F.);
#2143=ORIENTED_EDGE('',*,*,#1549,.T.);
#2144=PLANE('',#2444);
#2145=PLANE('',#2445);
#2146=PLANE('',#2446);
#2147=PLANE('',#2447);
#2148=PLANE('',#2448);
#2149=PLANE('',#2449);
#2150=PLANE('',#2450);
#2151=PLANE('',#2464);
#2152=PLANE('',#2469);
#2153=PLANE('',#2474);
#2154=PLANE('',#2479);
#2155=PLANE('',#2484);
#2156=PLANE('',#2489);
#2157=PLANE('',#2494);
#2158=PLANE('',#2499);
#2159=PLANE('',#2504);
#2160=PLANE('',#2509);
#2161=PLANE('',#2520);
#2162=PLANE('',#2524);
#2163=PLANE('',#2525);
#2164=PLANE('',#2526);
#2165=PLANE('',#2527);
#2166=PLANE('',#2531);
#2167=PLANE('',#2534);
#2168=PLANE('',#2537);
#2169=PLANE('',#2540);
#2170=PLANE('',#2543);
#2171=PLANE('',#2546);
#2172=PLANE('',#2551);
#2173=PLANE('',#2556);
#2174=PLANE('',#2561);
#2175=PLANE('',#2566);
#2176=PLANE('',#2571);
#2177=PLANE('',#2576);
#2178=PLANE('',#2581);
#2179=PLANE('',#2586);
#2180=PLANE('',#2591);
#2181=PLANE('',#2596);
#2182=PLANE('',#2599);
#2183=PLANE('',#2600);
#2184=PLANE('',#2601);
#2185=PLANE('',#2602);
#2186=PLANE('',#2603);
#2187=PLANE('',#2604);
#2188=PLANE('',#2605);
#2189=PLANE('',#2606);
#2190=PLANE('',#2607);
#2191=PLANE('',#2608);
#2192=PLANE('',#2609);
#2193=PLANE('',#2610);
#2194=PLANE('',#2611);
#2195=PLANE('',#2612);
#2196=PLANE('',#2613);
#2197=PLANE('',#2614);
#2198=PLANE('',#2615);
#2199=PLANE('',#2616);
#2200=PLANE('',#2617);
#2201=PLANE('',#2618);
#2202=PLANE('',#2619);
#2203=PLANE('',#2620);
#2204=PLANE('',#2621);
#2205=PLANE('',#2622);
#2206=PLANE('',#2623);
#2207=PLANE('',#2624);
#2208=PLANE('',#2625);
#2209=PLANE('',#2626);
#2210=PLANE('',#2627);
#2211=PLANE('',#2628);
#2212=PLANE('',#2629);
#2213=PLANE('',#2630);
#2214=PLANE('',#2631);
#2215=PLANE('',#2632);
#2216=PLANE('',#2633);
#2217=PLANE('',#2634);
#2218=PLANE('',#2635);
#2219=PLANE('',#2636);
#2220=PLANE('',#2637);
#2221=PLANE('',#2638);
#2222=PLANE('',#2639);
#2223=PLANE('',#2640);
#2224=PLANE('',#2641);
#2225=PLANE('',#2642);
#2226=PLANE('',#2643);
#2227=PLANE('',#2644);
#2228=PLANE('',#2645);
#2229=PLANE('',#2646);
#2230=PLANE('',#2647);
#2231=PLANE('',#2648);
#2232=PLANE('',#2649);
#2233=PLANE('',#2650);
#2234=PLANE('',#2651);
#2235=PLANE('',#2652);
#2236=PLANE('',#2653);
#2237=PLANE('',#2654);
#2238=PLANE('',#2655);
#2239=PLANE('',#2656);
#2240=PLANE('',#2657);
#2241=PLANE('',#2658);
#2242=PLANE('',#2659);
#2243=PLANE('',#2660);
#2244=PLANE('',#2661);
#2245=PLANE('',#2662);
#2246=PLANE('',#2663);
#2247=PLANE('',#2664);
#2248=PLANE('',#2665);
#2249=PLANE('',#2666);
#2250=PLANE('',#2667);
#2251=PLANE('',#2668);
#2252=PLANE('',#2669);
#2253=PLANE('',#2670);
#2254=PLANE('',#2671);
#2255=PLANE('',#2672);
#2256=PLANE('',#2673);
#2257=PLANE('',#2674);
#2258=PLANE('',#2675);
#2259=PLANE('',#2676);
#2260=ADVANCED_FACE('',(#255),#2144,.F.);
#2261=ADVANCED_FACE('',(#256),#2145,.T.);
#2262=ADVANCED_FACE('',(#257),#2146,.T.);
#2263=ADVANCED_FACE('',(#258),#2147,.T.);
#2264=ADVANCED_FACE('',(#259),#2148,.T.);
#2265=ADVANCED_FACE('',(#260),#2149,.F.);
#2266=ADVANCED_FACE('',(#261,#56,#57,#58,#59,#60,#61,#62,#63,#64,#65,#66,
#67,#68),#2150,.T.);
#2267=ADVANCED_FACE('',(#262,#69),#2151,.F.);
#2268=ADVANCED_FACE('',(#263),#17,.T.);
#2269=ADVANCED_FACE('',(#264,#70),#2152,.F.);
#2270=ADVANCED_FACE('',(#265),#18,.T.);
#2271=ADVANCED_FACE('',(#266,#71),#2153,.F.);
#2272=ADVANCED_FACE('',(#267),#19,.T.);
#2273=ADVANCED_FACE('',(#268,#72),#2154,.F.);
#2274=ADVANCED_FACE('',(#269),#20,.T.);
#2275=ADVANCED_FACE('',(#270,#73),#2155,.F.);
#2276=ADVANCED_FACE('',(#271),#21,.T.);
#2277=ADVANCED_FACE('',(#272,#74),#2156,.F.);
#2278=ADVANCED_FACE('',(#273),#22,.T.);
#2279=ADVANCED_FACE('',(#274,#75),#2157,.F.);
#2280=ADVANCED_FACE('',(#275),#23,.T.);
#2281=ADVANCED_FACE('',(#276,#76),#2158,.F.);
#2282=ADVANCED_FACE('',(#277),#24,.T.);
#2283=ADVANCED_FACE('',(#278,#77),#2159,.F.);
#2284=ADVANCED_FACE('',(#279),#25,.T.);
#2285=ADVANCED_FACE('',(#280,#78),#2160,.F.);
#2286=ADVANCED_FACE('',(#281),#26,.T.);
#2287=ADVANCED_FACE('',(#282),#27,.F.);
#2288=ADVANCED_FACE('',(#283),#28,.F.);
#2289=ADVANCED_FACE('',(#284,#79,#80,#81,#82,#83,#84,#85,#86,#87,#88,#89,
#90,#91),#2161,.F.);
#2290=ADVANCED_FACE('',(#285),#2162,.T.);
#2291=ADVANCED_FACE('',(#286),#2163,.F.);
#2292=ADVANCED_FACE('',(#287),#2164,.T.);
#2293=ADVANCED_FACE('',(#288),#2165,.F.);
#2294=ADVANCED_FACE('',(#289),#29,.F.);
#2295=ADVANCED_FACE('',(#290,#92),#2166,.T.);
#2296=ADVANCED_FACE('',(#291),#30,.F.);
#2297=ADVANCED_FACE('',(#292,#93),#2167,.T.);
#2298=ADVANCED_FACE('',(#293),#31,.F.);
#2299=ADVANCED_FACE('',(#294,#94),#2168,.T.);
#2300=ADVANCED_FACE('',(#295),#32,.F.);
#2301=ADVANCED_FACE('',(#296,#95),#2169,.T.);
#2302=ADVANCED_FACE('',(#297),#33,.F.);
#2303=ADVANCED_FACE('',(#298,#96),#2170,.T.);
#2304=ADVANCED_FACE('',(#299),#34,.F.);
#2305=ADVANCED_FACE('',(#300,#97),#2171,.T.);
#2306=ADVANCED_FACE('',(#301),#35,.F.);
#2307=ADVANCED_FACE('',(#302),#36,.F.);
#2308=ADVANCED_FACE('',(#303,#98),#2172,.T.);
#2309=ADVANCED_FACE('',(#304),#37,.T.);
#2310=ADVANCED_FACE('',(#305),#38,.F.);
#2311=ADVANCED_FACE('',(#306,#99),#2173,.T.);
#2312=ADVANCED_FACE('',(#307),#39,.T.);
#2313=ADVANCED_FACE('',(#308),#40,.F.);
#2314=ADVANCED_FACE('',(#309,#100),#2174,.T.);
#2315=ADVANCED_FACE('',(#310),#41,.T.);
#2316=ADVANCED_FACE('',(#311),#42,.F.);
#2317=ADVANCED_FACE('',(#312,#101),#2175,.T.);
#2318=ADVANCED_FACE('',(#313),#43,.T.);
#2319=ADVANCED_FACE('',(#314),#44,.F.);
#2320=ADVANCED_FACE('',(#315,#102),#2176,.T.);
#2321=ADVANCED_FACE('',(#316),#45,.T.);
#2322=ADVANCED_FACE('',(#317),#46,.F.);
#2323=ADVANCED_FACE('',(#318,#103),#2177,.T.);
#2324=ADVANCED_FACE('',(#319),#47,.T.);
#2325=ADVANCED_FACE('',(#320),#48,.F.);
#2326=ADVANCED_FACE('',(#321,#104),#2178,.T.);
#2327=ADVANCED_FACE('',(#322),#49,.T.);
#2328=ADVANCED_FACE('',(#323),#50,.F.);
#2329=ADVANCED_FACE('',(#324,#105),#2179,.T.);
#2330=ADVANCED_FACE('',(#325),#51,.T.);
#2331=ADVANCED_FACE('',(#326),#52,.F.);
#2332=ADVANCED_FACE('',(#327,#106),#2180,.T.);
#2333=ADVANCED_FACE('',(#328),#53,.T.);
#2334=ADVANCED_FACE('',(#329),#54,.F.);
#2335=ADVANCED_FACE('',(#330,#107),#2181,.T.);
#2336=ADVANCED_FACE('',(#331),#55,.T.);
#2337=ADVANCED_FACE('',(#332),#2182,.F.);
#2338=ADVANCED_FACE('',(#333),#2183,.T.);
#2339=ADVANCED_FACE('',(#334),#2184,.T.);
#2340=ADVANCED_FACE('',(#335),#2185,.F.);
#2341=ADVANCED_FACE('',(#336),#2186,.T.);
#2342=ADVANCED_FACE('',(#337),#2187,.T.);
#2343=ADVANCED_FACE('',(#338),#2188,.F.);
#2344=ADVANCED_FACE('',(#339),#2189,.T.);
#2345=ADVANCED_FACE('',(#340),#2190,.T.);
#2346=ADVANCED_FACE('',(#341),#2191,.F.);
#2347=ADVANCED_FACE('',(#342),#2192,.T.);
#2348=ADVANCED_FACE('',(#343),#2193,.T.);
#2349=ADVANCED_FACE('',(#344),#2194,.F.);
#2350=ADVANCED_FACE('',(#345),#2195,.T.);
#2351=ADVANCED_FACE('',(#346),#2196,.T.);
#2352=ADVANCED_FACE('',(#347),#2197,.F.);
#2353=ADVANCED_FACE('',(#348),#2198,.T.);
#2354=ADVANCED_FACE('',(#349),#2199,.T.);
#2355=ADVANCED_FACE('',(#350),#2200,.F.);
#2356=ADVANCED_FACE('',(#351),#2201,.T.);
#2357=ADVANCED_FACE('',(#352),#2202,.T.);
#2358=ADVANCED_FACE('',(#353),#2203,.F.);
#2359=ADVANCED_FACE('',(#354),#2204,.T.);
#2360=ADVANCED_FACE('',(#355),#2205,.T.);
#2361=ADVANCED_FACE('',(#356),#2206,.F.);
#2362=ADVANCED_FACE('',(#357),#2207,.T.);
#2363=ADVANCED_FACE('',(#358),#2208,.T.);
#2364=ADVANCED_FACE('',(#359),#2209,.F.);
#2365=ADVANCED_FACE('',(#360),#2210,.T.);
#2366=ADVANCED_FACE('',(#361),#2211,.T.);
#2367=ADVANCED_FACE('',(#362),#2212,.F.);
#2368=ADVANCED_FACE('',(#363),#2213,.T.);
#2369=ADVANCED_FACE('',(#364),#2214,.T.);
#2370=ADVANCED_FACE('',(#365),#2215,.F.);
#2371=ADVANCED_FACE('',(#366),#2216,.T.);
#2372=ADVANCED_FACE('',(#367),#2217,.T.);
#2373=ADVANCED_FACE('',(#368),#2218,.F.);
#2374=ADVANCED_FACE('',(#369),#2219,.T.);
#2375=ADVANCED_FACE('',(#370),#2220,.T.);
#2376=ADVANCED_FACE('',(#371),#2221,.F.);
#2377=ADVANCED_FACE('',(#372),#2222,.T.);
#2378=ADVANCED_FACE('',(#373),#2223,.T.);
#2379=ADVANCED_FACE('',(#374),#2224,.F.);
#2380=ADVANCED_FACE('',(#375),#2225,.T.);
#2381=ADVANCED_FACE('',(#376),#2226,.T.);
#2382=ADVANCED_FACE('',(#377),#2227,.F.);
#2383=ADVANCED_FACE('',(#378),#2228,.T.);
#2384=ADVANCED_FACE('',(#379),#2229,.T.);
#2385=ADVANCED_FACE('',(#380),#2230,.F.);
#2386=ADVANCED_FACE('',(#381),#2231,.T.);
#2387=ADVANCED_FACE('',(#382),#2232,.T.);
#2388=ADVANCED_FACE('',(#383),#2233,.F.);
#2389=ADVANCED_FACE('',(#384),#2234,.T.);
#2390=ADVANCED_FACE('',(#385),#2235,.T.);
#2391=ADVANCED_FACE('',(#386),#2236,.F.);
#2392=ADVANCED_FACE('',(#387),#2237,.T.);
#2393=ADVANCED_FACE('',(#388),#2238,.T.);
#2394=ADVANCED_FACE('',(#389),#2239,.F.);
#2395=ADVANCED_FACE('',(#390),#2240,.T.);
#2396=ADVANCED_FACE('',(#391),#2241,.T.);
#2397=ADVANCED_FACE('',(#392),#2242,.F.);
#2398=ADVANCED_FACE('',(#393),#2243,.T.);
#2399=ADVANCED_FACE('',(#394),#2244,.T.);
#2400=ADVANCED_FACE('',(#395),#2245,.F.);
#2401=ADVANCED_FACE('',(#396),#2246,.T.);
#2402=ADVANCED_FACE('',(#397),#2247,.T.);
#2403=ADVANCED_FACE('',(#398),#2248,.F.);
#2404=ADVANCED_FACE('',(#399),#2249,.T.);
#2405=ADVANCED_FACE('',(#400),#2250,.T.);
#2406=ADVANCED_FACE('',(#401),#2251,.F.);
#2407=ADVANCED_FACE('',(#402),#2252,.T.);
#2408=ADVANCED_FACE('',(#403),#2253,.T.);
#2409=ADVANCED_FACE('',(#404),#2254,.F.);
#2410=ADVANCED_FACE('',(#405),#2255,.T.);
#2411=ADVANCED_FACE('',(#406),#2256,.T.);
#2412=ADVANCED_FACE('',(#407),#2257,.F.);
#2413=ADVANCED_FACE('',(#408),#2258,.T.);
#2414=ADVANCED_FACE('',(#409),#2259,.T.);
#2415=CLOSED_SHELL('',(#2260,#2261,#2262,#2263,#2264,#2265));
#2416=CLOSED_SHELL('',(#2266,#2267,#2268,#2269,#2270,#2271,#2272,#2273,
#2274,#2275,#2276,#2277,#2278,#2279,#2280,#2281,#2282,#2283,#2284,#2285,
#2286,#2287,#2288,#2289,#2290,#2291,#2292,#2293,#2294,#2295,#2296,#2297,
#2298,#2299,#2300,#2301,#2302,#2303,#2304,#2305,#2306,#2307,#2308,#2309,
#2310,#2311,#2312,#2313,#2314,#2315,#2316,#2317,#2318,#2319,#2320,#2321,
#2322,#2323,#2324,#2325,#2326,#2327,#2328,#2329,#2330,#2331,#2332,#2333,
#2334,#2335,#2336));
#2417=CLOSED_SHELL('',(#2337,#2338,#2339,#2340,#2341,#2342));
#2418=CLOSED_SHELL('',(#2343,#2344,#2345,#2346,#2347,#2348));
#2419=CLOSED_SHELL('',(#2349,#2350,#2351,#2352,#2353,#2354));
#2420=CLOSED_SHELL('',(#2355,#2356,#2357,#2358,#2359,#2360));
#2421=CLOSED_SHELL('',(#2361,#2362,#2363,#2364,#2365,#2366));
#2422=CLOSED_SHELL('',(#2367,#2368,#2369,#2370,#2371,#2372));
#2423=CLOSED_SHELL('',(#2373,#2374,#2375,#2376,#2377,#2378));
#2424=CLOSED_SHELL('',(#2379,#2380,#2381,#2382,#2383,#2384));
#2425=CLOSED_SHELL('',(#2385,#2386,#2387,#2388,#2389,#2390));
#2426=CLOSED_SHELL('',(#2391,#2392,#2393,#2394,#2395,#2396));
#2427=CLOSED_SHELL('',(#2397,#2398,#2399,#2400,#2401,#2402));
#2428=CLOSED_SHELL('',(#2403,#2404,#2405,#2406,#2407,#2408));
#2429=CLOSED_SHELL('',(#2409,#2410,#2411,#2412,#2413,#2414));
#2430=DERIVED_UNIT_ELEMENT(#2432,1.);
#2431=DERIVED_UNIT_ELEMENT(#4029,-3.);
#2432=(
MASS_UNIT()
NAMED_UNIT(*)
SI_UNIT(.KILO.,.GRAM.)
);
#2433=DERIVED_UNIT((#2430,#2431));
#2434=MEASURE_REPRESENTATION_ITEM('density measure',
POSITIVE_RATIO_MEASURE(7850.),#2433);
#2435=PROPERTY_DEFINITION_REPRESENTATION(#2440,#2437);
#2436=PROPERTY_DEFINITION_REPRESENTATION(#2441,#2438);
#2437=REPRESENTATION('material name',(#2439),#4026);
#2438=REPRESENTATION('density',(#2434),#4026);
#2439=DESCRIPTIVE_REPRESENTATION_ITEM('Steel','Steel');
#2440=PROPERTY_DEFINITION('material property','material name',#4041);
#2441=PROPERTY_DEFINITION('material property','density of part',#4041);
#2442=AXIS2_PLACEMENT_3D('',#3369,#2678,#2679);
#2443=AXIS2_PLACEMENT_3D('',#3370,#2680,#2681);
#2444=AXIS2_PLACEMENT_3D('',#3371,#2682,#2683);
#2445=AXIS2_PLACEMENT_3D('',#3380,#2688,#2689);
#2446=AXIS2_PLACEMENT_3D('',#3386,#2693,#2694);
#2447=AXIS2_PLACEMENT_3D('',#3390,#2697,#2698);
#2448=AXIS2_PLACEMENT_3D('',#3394,#2701,#2702);
#2449=AXIS2_PLACEMENT_3D('',#3396,#2704,#2705);
#2450=AXIS2_PLACEMENT_3D('',#3397,#2706,#2707);
#2451=AXIS2_PLACEMENT_3D('',#3407,#2712,#2713);
#2452=AXIS2_PLACEMENT_3D('',#3409,#2714,#2715);
#2453=AXIS2_PLACEMENT_3D('',#3411,#2716,#2717);
#2454=AXIS2_PLACEMENT_3D('',#3413,#2718,#2719);
#2455=AXIS2_PLACEMENT_3D('',#3415,#2720,#2721);
#2456=AXIS2_PLACEMENT_3D('',#3417,#2722,#2723);
#2457=AXIS2_PLACEMENT_3D('',#3419,#2724,#2725);
#2458=AXIS2_PLACEMENT_3D('',#3421,#2726,#2727);
#2459=AXIS2_PLACEMENT_3D('',#3423,#2728,#2729);
#2460=AXIS2_PLACEMENT_3D('',#3425,#2730,#2731);
#2461=AXIS2_PLACEMENT_3D('',#3427,#2732,#2733);
#2462=AXIS2_PLACEMENT_3D('',#3429,#2734,#2735);
#2463=AXIS2_PLACEMENT_3D('',#3431,#2736,#2737);
#2464=AXIS2_PLACEMENT_3D('',#3432,#2738,#2739);
#2465=AXIS2_PLACEMENT_3D('',#3434,#2740,#2741);
#2466=AXIS2_PLACEMENT_3D('',#3436,#2742,#2743);
#2467=AXIS2_PLACEMENT_3D('',#3437,#2744,#2745);
#2468=AXIS2_PLACEMENT_3D('',#3440,#2747,#2748);
#2469=AXIS2_PLACEMENT_3D('',#3441,#2749,#2750);
#2470=AXIS2_PLACEMENT_3D('',#3443,#2751,#2752);
#2471=AXIS2_PLACEMENT_3D('',#3445,#2753,#2754);
#2472=AXIS2_PLACEMENT_3D('',#3446,#2755,#2756);
#2473=AXIS2_PLACEMENT_3D('',#3449,#2758,#2759);
#2474=AXIS2_PLACEMENT_3D('',#3450,#2760,#2761);
#2475=AXIS2_PLACEMENT_3D('',#3452,#2762,#2763);
#2476=AXIS2_PLACEMENT_3D('',#3454,#2764,#2765);
#2477=AXIS2_PLACEMENT_3D('',#3455,#2766,#2767);
#2478=AXIS2_PLACEMENT_3D('',#3458,#2769,#2770);
#2479=AXIS2_PLACEMENT_3D('',#3459,#2771,#2772);
#2480=AXIS2_PLACEMENT_3D('',#3461,#2773,#2774);
#2481=AXIS2_PLACEMENT_3D('',#3463,#2775,#2776);
#2482=AXIS2_PLACEMENT_3D('',#3464,#2777,#2778);
#2483=AXIS2_PLACEMENT_3D('',#3467,#2780,#2781);
#2484=AXIS2_PLACEMENT_3D('',#3468,#2782,#2783);
#2485=AXIS2_PLACEMENT_3D('',#3470,#2784,#2785);
#2486=AXIS2_PLACEMENT_3D('',#3472,#2786,#2787);
#2487=AXIS2_PLACEMENT_3D('',#3473,#2788,#2789);
#2488=AXIS2_PLACEMENT_3D('',#3476,#2791,#2792);
#2489=AXIS2_PLACEMENT_3D('',#3477,#2793,#2794);
#2490=AXIS2_PLACEMENT_3D('',#3479,#2795,#2796);
#2491=AXIS2_PLACEMENT_3D('',#3481,#2797,#2798);
#2492=AXIS2_PLACEMENT_3D('',#3482,#2799,#2800);
#2493=AXIS2_PLACEMENT_3D('',#3485,#2802,#2803);
#2494=AXIS2_PLACEMENT_3D('',#3486,#2804,#2805);
#2495=AXIS2_PLACEMENT_3D('',#3488,#2806,#2807);
#2496=AXIS2_PLACEMENT_3D('',#3490,#2808,#2809);
#2497=AXIS2_PLACEMENT_3D('',#3491,#2810,#2811);
#2498=AXIS2_PLACEMENT_3D('',#3494,#2813,#2814);
#2499=AXIS2_PLACEMENT_3D('',#3495,#2815,#2816);
#2500=AXIS2_PLACEMENT_3D('',#3497,#2817,#2818);
#2501=AXIS2_PLACEMENT_3D('',#3499,#2819,#2820);
#2502=AXIS2_PLACEMENT_3D('',#3500,#2821,#2822);
#2503=AXIS2_PLACEMENT_3D('',#3503,#2824,#2825);
#2504=AXIS2_PLACEMENT_3D('',#3504,#2826,#2827);
#2505=AXIS2_PLACEMENT_3D('',#3506,#2828,#2829);
#2506=AXIS2_PLACEMENT_3D('',#3508,#2830,#2831);
#2507=AXIS2_PLACEMENT_3D('',#3509,#2832,#2833);
#2508=AXIS2_PLACEMENT_3D('',#3512,#2835,#2836);
#2509=AXIS2_PLACEMENT_3D('',#3513,#2837,#2838);
#2510=AXIS2_PLACEMENT_3D('',#3515,#2839,#2840);
#2511=AXIS2_PLACEMENT_3D('',#3517,#2841,#2842);
#2512=AXIS2_PLACEMENT_3D('',#3518,#2843,#2844);
#2513=AXIS2_PLACEMENT_3D('',#3521,#2846,#2847);
#2514=AXIS2_PLACEMENT_3D('',#3522,#2848,#2849);
#2515=AXIS2_PLACEMENT_3D('',#3524,#2850,#2851);
#2516=AXIS2_PLACEMENT_3D('',#3527,#2853,#2854);
#2517=AXIS2_PLACEMENT_3D('',#3528,#2855,#2856);
#2518=AXIS2_PLACEMENT_3D('',#3530,#2857,#2858);
#2519=AXIS2_PLACEMENT_3D('',#3533,#2860,#2861);
#2520=AXIS2_PLACEMENT_3D('',#3534,#2862,#2863);
#2521=AXIS2_PLACEMENT_3D('',#3544,#2868,#2869);
#2522=AXIS2_PLACEMENT_3D('',#3546,#2870,#2871);
#2523=AXIS2_PLACEMENT_3D('',#3548,#2872,#2873);
#2524=AXIS2_PLACEMENT_3D('',#3549,#2874,#2875);
#2525=AXIS2_PLACEMENT_3D('',#3552,#2878,#2879);
#2526=AXIS2_PLACEMENT_3D('',#3554,#2881,#2882);
#2527=AXIS2_PLACEMENT_3D('',#3556,#2884,#2885);
#2528=AXIS2_PLACEMENT_3D('',#3557,#2886,#2887);
#2529=AXIS2_PLACEMENT_3D('',#3559,#2888,#2889);
#2530=AXIS2_PLACEMENT_3D('',#3562,#2891,#2892);
#2531=AXIS2_PLACEMENT_3D('',#3563,#2893,#2894);
#2532=AXIS2_PLACEMENT_3D('',#3565,#2895,#2896);
#2533=AXIS2_PLACEMENT_3D('',#3566,#2897,#2898);
#2534=AXIS2_PLACEMENT_3D('',#3568,#2900,#2901);
#2535=AXIS2_PLACEMENT_3D('',#3570,#2902,#2903);
#2536=AXIS2_PLACEMENT_3D('',#3571,#2904,#2905);
#2537=AXIS2_PLACEMENT_3D('',#3573,#2907,#2908);
#2538=AXIS2_PLACEMENT_3D('',#3575,#2909,#2910);
#2539=AXIS2_PLACEMENT_3D('',#3576,#2911,#2912);
#2540=AXIS2_PLACEMENT_3D('',#3578,#2914,#2915);
#2541=AXIS2_PLACEMENT_3D('',#3580,#2916,#2917);
#2542=AXIS2_PLACEMENT_3D('',#3581,#2918,#2919);
#2543=AXIS2_PLACEMENT_3D('',#3583,#2921,#2922);
#2544=AXIS2_PLACEMENT_3D('',#3585,#2923,#2924);
#2545=AXIS2_PLACEMENT_3D('',#3586,#2925,#2926);
#2546=AXIS2_PLACEMENT_3D('',#3588,#2928,#2929);
#2547=AXIS2_PLACEMENT_3D('',#3590,#2930,#2931);
#2548=AXIS2_PLACEMENT_3D('',#3591,#2932,#2933);
#2549=AXIS2_PLACEMENT_3D('',#3593,#2935,#2936);
#2550=AXIS2_PLACEMENT_3D('',#3595,#2937,#2938);
#2551=AXIS2_PLACEMENT_3D('',#3597,#2940,#2941);
#2552=AXIS2_PLACEMENT_3D('',#3599,#2942,#2943);
#2553=AXIS2_PLACEMENT_3D('',#3600,#2944,#2945);
#2554=AXIS2_PLACEMENT_3D('',#3602,#2947,#2948);
#2555=AXIS2_PLACEMENT_3D('',#3604,#2949,#2950);
#2556=AXIS2_PLACEMENT_3D('',#3606,#2952,#2953);
#2557=AXIS2_PLACEMENT_3D('',#3608,#2954,#2955);
#2558=AXIS2_PLACEMENT_3D('',#3609,#2956,#2957);
#2559=AXIS2_PLACEMENT_3D('',#3611,#2959,#2960);
#2560=AXIS2_PLACEMENT_3D('',#3613,#2961,#2962);
#2561=AXIS2_PLACEMENT_3D('',#3615,#2964,#2965);
#2562=AXIS2_PLACEMENT_3D('',#3617,#2966,#2967);
#2563=AXIS2_PLACEMENT_3D('',#3618,#2968,#2969);
#2564=AXIS2_PLACEMENT_3D('',#3620,#2971,#2972);
#2565=AXIS2_PLACEMENT_3D('',#3622,#2973,#2974);
#2566=AXIS2_PLACEMENT_3D('',#3624,#2976,#2977);
#2567=AXIS2_PLACEMENT_3D('',#3626,#2978,#2979);
#2568=AXIS2_PLACEMENT_3D('',#3627,#2980,#2981);
#2569=AXIS2_PLACEMENT_3D('',#3629,#2983,#2984);
#2570=AXIS2_PLACEMENT_3D('',#3631,#2985,#2986);
#2571=AXIS2_PLACEMENT_3D('',#3633,#2988,#2989);
#2572=AXIS2_PLACEMENT_3D('',#3635,#2990,#2991);
#2573=AXIS2_PLACEMENT_3D('',#3636,#2992,#2993);
#2574=AXIS2_PLACEMENT_3D('',#3638,#2995,#2996);
#2575=AXIS2_PLACEMENT_3D('',#3640,#2997,#2998);
#2576=AXIS2_PLACEMENT_3D('',#3642,#3000,#3001);
#2577=AXIS2_PLACEMENT_3D('',#3644,#3002,#3003);
#2578=AXIS2_PLACEMENT_3D('',#3645,#3004,#3005);
#2579=AXIS2_PLACEMENT_3D('',#3647,#3007,#3008);
#2580=AXIS2_PLACEMENT_3D('',#3649,#3009,#3010);
#2581=AXIS2_PLACEMENT_3D('',#3651,#3012,#3013);
#2582=AXIS2_PLACEMENT_3D('',#3653,#3014,#3015);
#2583=AXIS2_PLACEMENT_3D('',#3654,#3016,#3017);
#2584=AXIS2_PLACEMENT_3D('',#3656,#3019,#3020);
#2585=AXIS2_PLACEMENT_3D('',#3658,#3021,#3022);
#2586=AXIS2_PLACEMENT_3D('',#3660,#3024,#3025);
#2587=AXIS2_PLACEMENT_3D('',#3662,#3026,#3027);
#2588=AXIS2_PLACEMENT_3D('',#3663,#3028,#3029);
#2589=AXIS2_PLACEMENT_3D('',#3665,#3031,#3032);
#2590=AXIS2_PLACEMENT_3D('',#3667,#3033,#3034);
#2591=AXIS2_PLACEMENT_3D('',#3669,#3036,#3037);
#2592=AXIS2_PLACEMENT_3D('',#3671,#3038,#3039);
#2593=AXIS2_PLACEMENT_3D('',#3672,#3040,#3041);
#2594=AXIS2_PLACEMENT_3D('',#3674,#3043,#3044);
#2595=AXIS2_PLACEMENT_3D('',#3676,#3045,#3046);
#2596=AXIS2_PLACEMENT_3D('',#3678,#3048,#3049);
#2597=AXIS2_PLACEMENT_3D('',#3680,#3050,#3051);
#2598=AXIS2_PLACEMENT_3D('',#3681,#3052,#3053);
#2599=AXIS2_PLACEMENT_3D('',#3683,#3055,#3056);
#2600=AXIS2_PLACEMENT_3D('',#3692,#3061,#3062);
#2601=AXIS2_PLACEMENT_3D('',#3698,#3066,#3067);
#2602=AXIS2_PLACEMENT_3D('',#3702,#3070,#3071);
#2603=AXIS2_PLACEMENT_3D('',#3706,#3074,#3075);
#2604=AXIS2_PLACEMENT_3D('',#3708,#3077,#3078);
#2605=AXIS2_PLACEMENT_3D('',#3709,#3079,#3080);
#2606=AXIS2_PLACEMENT_3D('',#3718,#3085,#3086);
#2607=AXIS2_PLACEMENT_3D('',#3724,#3090,#3091);
#2608=AXIS2_PLACEMENT_3D('',#3728,#3094,#3095);
#2609=AXIS2_PLACEMENT_3D('',#3732,#3098,#3099);
#2610=AXIS2_PLACEMENT_3D('',#3734,#3101,#3102);
#2611=AXIS2_PLACEMENT_3D('',#3735,#3103,#3104);
#2612=AXIS2_PLACEMENT_3D('',#3744,#3109,#3110);
#2613=AXIS2_PLACEMENT_3D('',#3750,#3114,#3115);
#2614=AXIS2_PLACEMENT_3D('',#3754,#3118,#3119);
#2615=AXIS2_PLACEMENT_3D('',#3758,#3122,#3123);
#2616=AXIS2_PLACEMENT_3D('',#3760,#3125,#3126);
#2617=AXIS2_PLACEMENT_3D('',#3761,#3127,#3128);
#2618=AXIS2_PLACEMENT_3D('',#3770,#3133,#3134);
#2619=AXIS2_PLACEMENT_3D('',#3776,#3138,#3139);
#2620=AXIS2_PLACEMENT_3D('',#3780,#3142,#3143);
#2621=AXIS2_PLACEMENT_3D('',#3784,#3146,#3147);
#2622=AXIS2_PLACEMENT_3D('',#3786,#3149,#3150);
#2623=AXIS2_PLACEMENT_3D('',#3787,#3151,#3152);
#2624=AXIS2_PLACEMENT_3D('',#3796,#3157,#3158);
#2625=AXIS2_PLACEMENT_3D('',#3802,#3162,#3163);
#2626=AXIS2_PLACEMENT_3D('',#3806,#3166,#3167);
#2627=AXIS2_PLACEMENT_3D('',#3810,#3170,#3171);
#2628=AXIS2_PLACEMENT_3D('',#3812,#3173,#3174);
#2629=AXIS2_PLACEMENT_3D('',#3813,#3175,#3176);
#2630=AXIS2_PLACEMENT_3D('',#3822,#3181,#3182);
#2631=AXIS2_PLACEMENT_3D('',#3828,#3186,#3187);
#2632=AXIS2_PLACEMENT_3D('',#3832,#3190,#3191);
#2633=AXIS2_PLACEMENT_3D('',#3836,#3194,#3195);
#2634=AXIS2_PLACEMENT_3D('',#3838,#3197,#3198);
#2635=AXIS2_PLACEMENT_3D('',#3839,#3199,#3200);
#2636=AXIS2_PLACEMENT_3D('',#3848,#3205,#3206);
#2637=AXIS2_PLACEMENT_3D('',#3854,#3210,#3211);
#2638=AXIS2_PLACEMENT_3D('',#3858,#3214,#3215);
#2639=AXIS2_PLACEMENT_3D('',#3862,#3218,#3219);
#2640=AXIS2_PLACEMENT_3D('',#3864,#3221,#3222);
#2641=AXIS2_PLACEMENT_3D('',#3865,#3223,#3224);
#2642=AXIS2_PLACEMENT_3D('',#3874,#3229,#3230);
#2643=AXIS2_PLACEMENT_3D('',#3880,#3234,#3235);
#2644=AXIS2_PLACEMENT_3D('',#3884,#3238,#3239);
#2645=AXIS2_PLACEMENT_3D('',#3888,#3242,#3243);
#2646=AXIS2_PLACEMENT_3D('',#3890,#3245,#3246);
#2647=AXIS2_PLACEMENT_3D('',#3891,#3247,#3248);
#2648=AXIS2_PLACEMENT_3D('',#3900,#3253,#3254);
#2649=AXIS2_PLACEMENT_3D('',#3906,#3258,#3259);
#2650=AXIS2_PLACEMENT_3D('',#3910,#3262,#3263);
#2651=AXIS2_PLACEMENT_3D('',#3914,#3266,#3267);
#2652=AXIS2_PLACEMENT_3D('',#3916,#3269,#3270);
#2653=AXIS2_PLACEMENT_3D('',#3917,#3271,#3272);
#2654=AXIS2_PLACEMENT_3D('',#3926,#3277,#3278);
#2655=AXIS2_PLACEMENT_3D('',#3932,#3282,#3283);
#2656=AXIS2_PLACEMENT_3D('',#3936,#3286,#3287);
#2657=AXIS2_PLACEMENT_3D('',#3940,#3290,#3291);
#2658=AXIS2_PLACEMENT_3D('',#3942,#3293,#3294);
#2659=AXIS2_PLACEMENT_3D('',#3943,#3295,#3296);
#2660=AXIS2_PLACEMENT_3D('',#3952,#3301,#3302);
#2661=AXIS2_PLACEMENT_3D('',#3958,#3306,#3307);
#2662=AXIS2_PLACEMENT_3D('',#3962,#3310,#3311);
#2663=AXIS2_PLACEMENT_3D('',#3966,#3314,#3315);
#2664=AXIS2_PLACEMENT_3D('',#3968,#3317,#3318);
#2665=AXIS2_PLACEMENT_3D('',#3969,#3319,#3320);
#2666=AXIS2_PLACEMENT_3D('',#3978,#3325,#3326);
#2667=AXIS2_PLACEMENT_3D('',#3984,#3330,#3331);
#2668=AXIS2_PLACEMENT_3D('',#3988,#3334,#3335);
#2669=AXIS2_PLACEMENT_3D('',#3992,#3338,#3339);
#2670=AXIS2_PLACEMENT_3D('',#3994,#3341,#3342);
#2671=AXIS2_PLACEMENT_3D('',#3995,#3343,#3344);
#2672=AXIS2_PLACEMENT_3D('',#4004,#3349,#3350);
#2673=AXIS2_PLACEMENT_3D('',#4010,#3354,#3355);
#2674=AXIS2_PLACEMENT_3D('',#4014,#3358,#3359);
#2675=AXIS2_PLACEMENT_3D('',#4018,#3362,#3363);
#2676=AXIS2_PLACEMENT_3D('',#4020,#3365,#3366);
#2677=AXIS2_PLACEMENT_3D('',#4021,#3367,#3368);
#2678=DIRECTION('axis',(0.,0.,1.));
#2679=DIRECTION('refdir',(1.,0.,0.));
#2680=DIRECTION('axis',(0.,0.,1.));
#2681=DIRECTION('refdir',(1.,0.,0.));
#2682=DIRECTION('center_axis',(0.,0.,-1.));
#2683=DIRECTION('ref_axis',(-1.,0.,0.));
#2684=DIRECTION('',(-1.,0.,0.));
#2685=DIRECTION('',(0.,-1.,0.));
#2686=DIRECTION('',(1.,0.,0.));
#2687=DIRECTION('',(0.,1.,0.));
#2688=DIRECTION('center_axis',(-1.,0.,0.));
#2689=DIRECTION('ref_axis',(0.,-1.,0.));
#2690=DIRECTION('',(0.,0.,1.));
#2691=DIRECTION('',(0.,1.,0.));
#2692=DIRECTION('',(0.,0.,1.));
#2693=DIRECTION('center_axis',(0.,1.,0.));
#2694=DIRECTION('ref_axis',(-1.,0.,0.));
#2695=DIRECTION('',(0.,0.,1.));
#2696=DIRECTION('',(1.,0.,0.));
#2697=DIRECTION('center_axis',(1.,0.,0.));
#2698=DIRECTION('ref_axis',(0.,1.,0.));
#2699=DIRECTION('',(0.,0.,1.));
#2700=DIRECTION('',(0.,-1.,0.));
#2701=DIRECTION('center_axis',(0.,-1.,0.));
#2702=DIRECTION('ref_axis',(1.,0.,0.));
#2703=DIRECTION('',(-1.,0.,0.));
#2704=DIRECTION('center_axis',(0.,0.,1.));
#2705=DIRECTION('ref_axis',(-1.,0.,0.));
#2706=DIRECTION('center_axis',(1.77493703674728E-30,4.73316543132607E-30,
1.));
#2707=DIRECTION('ref_axis',(1.,2.09541177949294E-31,-1.77493703674728E-30));
#2708=DIRECTION('',(1.,0.,-1.77493703674728E-30));
#2709=DIRECTION('',(1.88813439562102E-16,-1.,4.73316543132607E-30));
#2710=DIRECTION('',(-1.,0.,1.77493703674728E-30));
#2711=DIRECTION('',(0.,1.,0.));
#2712=DIRECTION('center_axis',(-8.87468518373638E-31,-2.56379794196829E-30,
-1.));
#2713=DIRECTION('ref_axis',(-1.,-1.10933564796685E-31,8.87468518373638E-31));
#2714=DIRECTION('center_axis',(-5.91645678915759E-31,-1.77493703674728E-30,
-1.));
#2715=DIRECTION('ref_axis',(-1.,-7.39557098644567E-32,5.91645678915759E-31));
#2716=DIRECTION('center_axis',(-1.18329135783152E-30,-3.15544362088405E-30,
-1.));
#2717=DIRECTION('ref_axis',(-1.,-1.35585468084837E-31,1.18329135783152E-30));
#2718=DIRECTION('center_axis',(-1.4791141972894E-30,-3.94430452610506E-30,
-1.));
#2719=DIRECTION('ref_axis',(-1.,-1.72563323017066E-31,1.4791141972894E-30));
#2720=DIRECTION('center_axis',(-1.77493703674728E-30,-4.73316543132607E-30,
-1.));
#2721=DIRECTION('ref_axis',(-1.,-2.09541177949294E-31,1.77493703674728E-30));
#2722=DIRECTION('center_axis',(-1.77493703674728E-30,-4.73316543132607E-30,
-1.));
#2723=DIRECTION('ref_axis',(-1.,-2.09541177949294E-31,1.77493703674728E-30));
#2724=DIRECTION('center_axis',(-1.4791141972894E-30,-3.94430452610506E-30,
-1.));
#2725=DIRECTION('ref_axis',(-1.,-1.72563323017066E-31,1.4791141972894E-30));
#2726=DIRECTION('center_axis',(-1.18329135783152E-30,-3.15544362088405E-30,
-1.));
#2727=DIRECTION('ref_axis',(-1.,-1.35585468084837E-31,1.18329135783152E-30));
#2728=DIRECTION('center_axis',(-5.91645678915759E-31,-1.77493703674728E-30,
-1.));
#2729=DIRECTION('ref_axis',(-1.,-7.39557098644567E-32,5.91645678915759E-31));
#2730=DIRECTION('center_axis',(-8.87468518373638E-31,-2.56379794196829E-30,
-1.));
#2731=DIRECTION('ref_axis',(-1.,-1.10933564796685E-31,8.87468518373638E-31));
#2732=DIRECTION('center_axis',(-1.77493703674728E-30,-4.73316543132607E-30,
-1.));
#2733=DIRECTION('ref_axis',(-1.,-1.23259516440774E-32,0.));
#2734=DIRECTION('center_axis',(-1.77493703674728E-30,-4.73316543132607E-30,
-1.));
#2735=DIRECTION('ref_axis',(-1.,-1.23259516440774E-32,0.));
#2736=DIRECTION('center_axis',(-1.77493703674728E-30,-4.73316543132607E-30,
-1.));
#2737=DIRECTION('ref_axis',(-1.,4.28943117213926E-30,0.));
#2738=DIRECTION('center_axis',(1.77493703674728E-30,4.73316543132607E-30,
1.));
#2739=DIRECTION('ref_axis',(-1.,-2.09541177949294E-31,1.77493703674728E-30));
#2740=DIRECTION('center_axis',(-1.77493703674728E-30,-4.73316543132607E-30,
-1.));
#2741=DIRECTION('ref_axis',(-1.,-2.09541177949294E-31,1.77493703674728E-30));
#2742=DIRECTION('center_axis',(1.77493703674728E-30,4.73316543132607E-30,
1.));
#2743=DIRECTION('ref_axis',(-1.,-2.09541177949294E-31,1.77493703674728E-30));
#2744=DIRECTION('center_axis',(-1.77493703674728E-30,-4.73316543132607E-30,
-1.));
#2745=DIRECTION('ref_axis',(-1.,-2.09541177949294E-31,1.77493703674728E-30));
#2746=DIRECTION('',(1.77493703674728E-30,4.73316543132607E-30,1.));
#2747=DIRECTION('center_axis',(1.77493703674728E-30,4.73316543132607E-30,
1.));
#2748=DIRECTION('ref_axis',(-1.,-2.09541177949294E-31,1.77493703674728E-30));
#2749=DIRECTION('center_axis',(1.77493703674728E-30,4.73316543132607E-30,
1.));
#2750=DIRECTION('ref_axis',(-1.,-2.09541177949294E-31,1.77493703674728E-30));
#2751=DIRECTION('center_axis',(-1.77493703674728E-30,-4.73316543132607E-30,
-1.));
#2752=DIRECTION('ref_axis',(-1.,-2.09541177949294E-31,1.77493703674728E-30));
#2753=DIRECTION('center_axis',(1.77493703674728E-30,4.73316543132607E-30,
1.));
#2754=DIRECTION('ref_axis',(-1.,-2.09541177949294E-31,1.77493703674728E-30));
#2755=DIRECTION('center_axis',(-1.77493703674728E-30,-4.73316543132607E-30,
-1.));
#2756=DIRECTION('ref_axis',(-1.,-2.09541177949294E-31,1.77493703674728E-30));
#2757=DIRECTION('',(1.77493703674728E-30,4.73316543132607E-30,1.));
#2758=DIRECTION('center_axis',(1.77493703674728E-30,4.73316543132607E-30,
1.));
#2759=DIRECTION('ref_axis',(-1.,-2.09541177949294E-31,1.77493703674728E-30));
#2760=DIRECTION('center_axis',(1.4791141972894E-30,3.94430452610506E-30,
1.));
#2761=DIRECTION('ref_axis',(-1.,-1.72563323017066E-31,1.4791141972894E-30));
#2762=DIRECTION('center_axis',(-1.4791141972894E-30,-3.94430452610506E-30,
-1.));
#2763=DIRECTION('ref_axis',(-1.,-1.72563323017066E-31,1.4791141972894E-30));
#2764=DIRECTION('center_axis',(1.4791141972894E-30,3.94430452610506E-30,
1.));
#2765=DIRECTION('ref_axis',(-1.,-1.72563323017066E-31,1.4791141972894E-30));
#2766=DIRECTION('center_axis',(-1.4791141972894E-30,-3.94430452610506E-30,
-1.));
#2767=DIRECTION('ref_axis',(-1.,-1.72563323017066E-31,1.4791141972894E-30));
#2768=DIRECTION('',(1.4791141972894E-30,3.94430452610506E-30,1.));
#2769=DIRECTION('center_axis',(1.4791141972894E-30,3.94430452610506E-30,
1.));
#2770=DIRECTION('ref_axis',(-1.,-1.72563323017066E-31,1.4791141972894E-30));
#2771=DIRECTION('center_axis',(1.4791141972894E-30,3.94430452610506E-30,
1.));
#2772=DIRECTION('ref_axis',(-1.,-1.72563323017066E-31,1.4791141972894E-30));
#2773=DIRECTION('center_axis',(-1.4791141972894E-30,-3.94430452610506E-30,
-1.));
#2774=DIRECTION('ref_axis',(-1.,-1.72563323017066E-31,1.4791141972894E-30));
#2775=DIRECTION('center_axis',(1.4791141972894E-30,3.94430452610506E-30,
1.));
#2776=DIRECTION('ref_axis',(-1.,-1.72563323017066E-31,1.4791141972894E-30));
#2777=DIRECTION('center_axis',(-1.4791141972894E-30,-3.94430452610506E-30,
-1.));
#2778=DIRECTION('ref_axis',(-1.,-1.72563323017066E-31,1.4791141972894E-30));
#2779=DIRECTION('',(1.4791141972894E-30,3.94430452610506E-30,1.));
#2780=DIRECTION('center_axis',(1.4791141972894E-30,3.94430452610506E-30,
1.));
#2781=DIRECTION('ref_axis',(-1.,-1.72563323017066E-31,1.4791141972894E-30));
#2782=DIRECTION('center_axis',(1.18329135783152E-30,3.15544362088405E-30,
1.));
#2783=DIRECTION('ref_axis',(-1.,-1.35585468084837E-31,1.18329135783152E-30));
#2784=DIRECTION('center_axis',(-1.18329135783152E-30,-3.15544362088405E-30,
-1.));
#2785=DIRECTION('ref_axis',(-1.,-1.35585468084837E-31,1.18329135783152E-30));
#2786=DIRECTION('center_axis',(1.18329135783152E-30,3.15544362088405E-30,
1.));
#2787=DIRECTION('ref_axis',(-1.,-1.35585468084837E-31,1.18329135783152E-30));
#2788=DIRECTION('center_axis',(-1.18329135783152E-30,-3.15544362088405E-30,
-1.));
#2789=DIRECTION('ref_axis',(-1.,-1.35585468084837E-31,1.18329135783152E-30));
#2790=DIRECTION('',(1.18329135783152E-30,3.15544362088405E-30,1.));
#2791=DIRECTION('center_axis',(1.18329135783152E-30,3.15544362088405E-30,
1.));
#2792=DIRECTION('ref_axis',(-1.,-1.35585468084837E-31,1.18329135783152E-30));
#2793=DIRECTION('center_axis',(1.18329135783152E-30,3.15544362088405E-30,
1.));
#2794=DIRECTION('ref_axis',(-1.,-1.35585468084837E-31,1.18329135783152E-30));
#2795=DIRECTION('center_axis',(-1.18329135783152E-30,-3.15544362088405E-30,
-1.));
#2796=DIRECTION('ref_axis',(-1.,-1.35585468084837E-31,1.18329135783152E-30));
#2797=DIRECTION('center_axis',(1.18329135783152E-30,3.15544362088405E-30,
1.));
#2798=DIRECTION('ref_axis',(-1.,-1.35585468084837E-31,1.18329135783152E-30));
#2799=DIRECTION('center_axis',(-1.18329135783152E-30,-3.15544362088405E-30,
-1.));
#2800=DIRECTION('ref_axis',(-1.,-1.35585468084837E-31,1.18329135783152E-30));
#2801=DIRECTION('',(1.18329135783152E-30,3.15544362088405E-30,1.));
#2802=DIRECTION('center_axis',(1.18329135783152E-30,3.15544362088405E-30,
1.));
#2803=DIRECTION('ref_axis',(-1.,-1.35585468084837E-31,1.18329135783152E-30));
#2804=DIRECTION('center_axis',(5.91645678915759E-31,1.77493703674728E-30,
1.));
#2805=DIRECTION('ref_axis',(-1.,-7.39557098644567E-32,5.91645678915759E-31));
#2806=DIRECTION('center_axis',(-5.91645678915759E-31,-1.77493703674728E-30,
-1.));
#2807=DIRECTION('ref_axis',(-1.,-7.39557098644567E-32,5.91645678915759E-31));
#2808=DIRECTION('center_axis',(5.91645678915759E-31,1.77493703674728E-30,
1.));
#2809=DIRECTION('ref_axis',(-1.,-7.39557098644567E-32,5.91645678915759E-31));
#2810=DIRECTION('center_axis',(-5.91645678915759E-31,-1.77493703674728E-30,
-1.));
#2811=DIRECTION('ref_axis',(-1.,-7.39557098644567E-32,5.91645678915759E-31));
#2812=DIRECTION('',(5.91645678915759E-31,1.77493703674728E-30,1.));
#2813=DIRECTION('center_axis',(5.91645678915759E-31,1.77493703674728E-30,
1.));
#2814=DIRECTION('ref_axis',(-1.,-7.39557098644567E-32,5.91645678915759E-31));
#2815=DIRECTION('center_axis',(5.91645678915759E-31,1.77493703674728E-30,
1.));
#2816=DIRECTION('ref_axis',(-1.,-7.39557098644567E-32,5.91645678915759E-31));
#2817=DIRECTION('center_axis',(-5.91645678915759E-31,-1.77493703674728E-30,
-1.));
#2818=DIRECTION('ref_axis',(-1.,-7.39557098644567E-32,5.91645678915759E-31));
#2819=DIRECTION('center_axis',(5.91645678915759E-31,1.77493703674728E-30,
1.));
#2820=DIRECTION('ref_axis',(-1.,-7.39557098644567E-32,5.91645678915759E-31));
#2821=DIRECTION('center_axis',(-5.91645678915759E-31,-1.77493703674728E-30,
-1.));
#2822=DIRECTION('ref_axis',(-1.,-7.39557098644567E-32,5.91645678915759E-31));
#2823=DIRECTION('',(5.91645678915759E-31,1.77493703674728E-30,1.));
#2824=DIRECTION('center_axis',(5.91645678915759E-31,1.77493703674728E-30,
1.));
#2825=DIRECTION('ref_axis',(-1.,-7.39557098644567E-32,5.91645678915759E-31));
#2826=DIRECTION('center_axis',(8.87468518373638E-31,2.56379794196829E-30,
1.));
#2827=DIRECTION('ref_axis',(-1.,-1.10933564796685E-31,8.87468518373638E-31));
#2828=DIRECTION('center_axis',(-8.87468518373638E-31,-2.56379794196829E-30,
-1.));
#2829=DIRECTION('ref_axis',(-1.,-1.10933564796685E-31,8.87468518373638E-31));
#2830=DIRECTION('center_axis',(8.87468518373638E-31,2.56379794196829E-30,
1.));
#2831=DIRECTION('ref_axis',(-1.,-1.10933564796685E-31,8.87468518373638E-31));
#2832=DIRECTION('center_axis',(-8.87468518373638E-31,-2.56379794196829E-30,
-1.));
#2833=DIRECTION('ref_axis',(-1.,-1.10933564796685E-31,8.87468518373638E-31));
#2834=DIRECTION('',(8.87468518373638E-31,2.56379794196829E-30,1.));
#2835=DIRECTION('center_axis',(8.87468518373638E-31,2.56379794196829E-30,
1.));
#2836=DIRECTION('ref_axis',(-1.,-1.10933564796685E-31,8.87468518373638E-31));
#2837=DIRECTION('center_axis',(8.87468518373638E-31,2.56379794196829E-30,
1.));
#2838=DIRECTION('ref_axis',(-1.,-1.10933564796685E-31,8.87468518373638E-31));
#2839=DIRECTION('center_axis',(-8.87468518373638E-31,-2.56379794196829E-30,
-1.));
#2840=DIRECTION('ref_axis',(-1.,-1.10933564796685E-31,8.87468518373638E-31));
#2841=DIRECTION('center_axis',(8.87468518373638E-31,2.56379794196829E-30,
1.));
#2842=DIRECTION('ref_axis',(-1.,-1.10933564796685E-31,8.87468518373638E-31));
#2843=DIRECTION('center_axis',(-8.87468518373638E-31,-2.56379794196829E-30,
-1.));
#2844=DIRECTION('ref_axis',(-1.,-1.10933564796685E-31,8.87468518373638E-31));
#2845=DIRECTION('',(8.87468518373638E-31,2.56379794196829E-30,1.));
#2846=DIRECTION('center_axis',(8.87468518373638E-31,2.56379794196829E-30,
1.));
#2847=DIRECTION('ref_axis',(-1.,-1.10933564796685E-31,8.87468518373638E-31));
#2848=DIRECTION('center_axis',(0.,0.,-1.));
#2849=DIRECTION('ref_axis',(-1.,4.28943117213926E-30,0.));
#2850=DIRECTION('center_axis',(-5.91645678915759E-31,-8.32667268468852E-17,
1.));
#2851=DIRECTION('ref_axis',(-1.,4.28943117213926E-30,0.));
#2852=DIRECTION('',(0.,0.,-1.));
#2853=DIRECTION('center_axis',(-9.86076131526261E-32,8.32667268468852E-17,
-1.));
#2854=DIRECTION('ref_axis',(-1.,4.28943117213926E-30,0.));
#2855=DIRECTION('center_axis',(0.,0.,-1.));
#2856=DIRECTION('ref_axis',(-1.,4.28943117213926E-30,0.));
#2857=DIRECTION('center_axis',(-9.86076131526261E-32,8.32667268468852E-17,
-1.));
#2858=DIRECTION('ref_axis',(-1.,4.28943117213926E-30,0.));
#2859=DIRECTION('',(0.,0.,1.));
#2860=DIRECTION('center_axis',(-5.91645678915759E-31,-8.32667268468852E-17,
1.));
#2861=DIRECTION('ref_axis',(-1.,4.28943117213926E-30,0.));
#2862=DIRECTION('center_axis',(1.77493703674728E-30,4.73316543132607E-30,
1.));
#2863=DIRECTION('ref_axis',(1.,2.09541177949294E-31,-1.77493703674728E-30));
#2864=DIRECTION('',(-1.,0.,1.77493703674728E-30));
#2865=DIRECTION('',(1.88813439562102E-16,-1.,3.15544362088405E-30));
#2866=DIRECTION('',(1.,0.,-1.77493703674728E-30));
#2867=DIRECTION('',(0.,1.,0.));
#2868=DIRECTION('center_axis',(1.77493703674728E-30,4.73316543132607E-30,
1.));
#2869=DIRECTION('ref_axis',(1.,-4.28943117213926E-30,0.));
#2870=DIRECTION('center_axis',(1.77493703674728E-30,4.73316543132607E-30,
1.));
#2871=DIRECTION('ref_axis',(1.,-4.28943117213926E-30,0.));
#2872=DIRECTION('center_axis',(1.77493703674728E-30,4.73316543132607E-30,
1.));
#2873=DIRECTION('ref_axis',(1.,-4.28943117213926E-30,0.));
#2874=DIRECTION('center_axis',(1.,1.84889274661142E-31,-1.57772181044202E-30));
#2875=DIRECTION('ref_axis',(-1.57772181044202E-30,-4.14151975241031E-30,
-1.));
#2876=DIRECTION('',(-1.57772181044202E-30,0.,-1.));
#2877=DIRECTION('',(1.57772181044202E-30,0.,1.));
#2878=DIRECTION('center_axis',(0.,-1.,0.));
#2879=DIRECTION('ref_axis',(0.,0.,-1.));
#2880=DIRECTION('',(-9.86076131526265E-31,0.,-1.));
#2881=DIRECTION('center_axis',(-1.,-1.10933564796685E-31,9.86076131526265E-31));
#2882=DIRECTION('ref_axis',(9.86076131526265E-31,2.56379794196829E-30,1.));
#2883=DIRECTION('',(9.86076131526265E-31,0.,1.));
#2884=DIRECTION('center_axis',(0.,1.,0.));
#2885=DIRECTION('ref_axis',(0.,0.,1.));
#2886=DIRECTION('center_axis',(0.,5.55111512312578E-17,-1.));
#2887=DIRECTION('ref_axis',(-1.,4.28943117213926E-30,2.32637440366425E-46));
#2888=DIRECTION('center_axis',(9.86076131526261E-32,-8.32667268468852E-17,
1.));
#2889=DIRECTION('ref_axis',(-1.,4.28943117213926E-30,2.32637440366425E-46));
#2890=DIRECTION('',(0.,5.55111512312578E-17,-1.));
#2891=DIRECTION('center_axis',(-9.86076131526261E-32,8.32667268468852E-17,
-1.));
#2892=DIRECTION('ref_axis',(-1.,4.28943117213926E-30,2.32637440366425E-46));
#2893=DIRECTION('center_axis',(9.86076131526261E-32,-8.32667268468852E-17,
1.));
#2894=DIRECTION('ref_axis',(-1.,4.28943117213926E-30,9.86076131526265E-32));
#2895=DIRECTION('center_axis',(-9.86076131526261E-32,8.32667268468852E-17,
-1.));
#2896=DIRECTION('ref_axis',(-1.,4.28943117213926E-30,9.86076131526265E-32));
#2897=DIRECTION('center_axis',(0.,0.,-1.));
#2898=DIRECTION('ref_axis',(-1.,4.28943117213926E-30,0.));
#2899=DIRECTION('',(0.,0.,-1.));
#2900=DIRECTION('center_axis',(-9.86076131526261E-32,8.32667268468852E-17,
-1.));
#2901=DIRECTION('ref_axis',(1.,-4.28943117213926E-30,-9.86076131526265E-32));
#2902=DIRECTION('center_axis',(9.86076131526261E-32,-8.32667268468852E-17,
1.));
#2903=DIRECTION('ref_axis',(1.,-4.28943117213926E-30,-9.86076131526265E-32));
#2904=DIRECTION('center_axis',(0.,0.,1.));
#2905=DIRECTION('ref_axis',(1.,-4.28943117213926E-30,0.));
#2906=DIRECTION('',(0.,0.,1.));
#2907=DIRECTION('center_axis',(-5.91645678915759E-31,-8.32667268468852E-17,
1.));
#2908=DIRECTION('ref_axis',(-1.,-1.23259516440774E-32,-5.91645678915759E-31));
#2909=DIRECTION('center_axis',(5.91645678915759E-31,8.32667268468852E-17,
-1.));
#2910=DIRECTION('ref_axis',(-1.,-1.23259516440774E-32,-5.91645678915759E-31));
#2911=DIRECTION('center_axis',(0.,0.,-1.));
#2912=DIRECTION('ref_axis',(-1.,-1.23259516440774E-32,0.));
#2913=DIRECTION('',(0.,0.,-1.));
#2914=DIRECTION('center_axis',(-5.91645678915759E-31,-8.32667268468852E-17,
1.));
#2915=DIRECTION('ref_axis',(-1.,-1.23259516440774E-32,-5.91645678915759E-31));
#2916=DIRECTION('center_axis',(5.91645678915759E-31,8.32667268468852E-17,
-1.));
#2917=DIRECTION('ref_axis',(-1.,-1.23259516440774E-32,-5.91645678915759E-31));
#2918=DIRECTION('center_axis',(0.,0.,-1.));
#2919=DIRECTION('ref_axis',(-1.,-1.23259516440774E-32,0.));
#2920=DIRECTION('',(0.,0.,-1.));
#2921=DIRECTION('center_axis',(-9.86076131526261E-32,8.32667268468852E-17,
-1.));
#2922=DIRECTION('ref_axis',(1.,-4.28943117213926E-30,-9.86076131526265E-32));
#2923=DIRECTION('center_axis',(9.86076131526261E-32,-8.32667268468852E-17,
1.));
#2924=DIRECTION('ref_axis',(1.,-4.28943117213926E-30,-9.86076131526265E-32));
#2925=DIRECTION('center_axis',(0.,0.,1.));
#2926=DIRECTION('ref_axis',(1.,-4.28943117213926E-30,0.));
#2927=DIRECTION('',(0.,0.,1.));
#2928=DIRECTION('center_axis',(-9.86076131526261E-32,8.32667268468852E-17,
-1.));
#2929=DIRECTION('ref_axis',(1.,-4.28943117213926E-30,-9.86076131526265E-32));
#2930=DIRECTION('center_axis',(9.86076131526261E-32,-8.32667268468852E-17,
1.));
#2931=DIRECTION('ref_axis',(1.,-4.28943117213926E-30,-9.86076131526265E-32));
#2932=DIRECTION('center_axis',(0.,0.,1.));
#2933=DIRECTION('ref_axis',(1.,-4.28943117213926E-30,0.));
#2934=DIRECTION('',(0.,0.,1.));
#2935=DIRECTION('center_axis',(-8.87468518373638E-31,-2.56379794196829E-30,
-1.));
#2936=DIRECTION('ref_axis',(-1.,-1.10933564796685E-31,8.87468518373638E-31));
#2937=DIRECTION('center_axis',(-8.87468518373638E-31,-2.56379794196829E-30,
-1.));
#2938=DIRECTION('ref_axis',(-1.,-1.10933564796685E-31,8.87468518373638E-31));
#2939=DIRECTION('',(-8.87468518373638E-31,-2.56379794196829E-30,-1.));
#2940=DIRECTION('center_axis',(8.87468518373638E-31,2.56379794196829E-30,
1.));
#2941=DIRECTION('ref_axis',(-1.,-1.10933564796685E-31,8.87468518373638E-31));
#2942=DIRECTION('center_axis',(8.87468518373638E-31,2.56379794196829E-30,
1.));
#2943=DIRECTION('ref_axis',(-1.,-1.10933564796685E-31,8.87468518373638E-31));
#2944=DIRECTION('center_axis',(8.87468518373638E-31,2.56379794196829E-30,
1.));
#2945=DIRECTION('ref_axis',(-1.,-1.10933564796685E-31,8.87468518373638E-31));
#2946=DIRECTION('',(-8.87468518373638E-31,-2.56379794196829E-30,-1.));
#2947=DIRECTION('center_axis',(-5.91645678915759E-31,-1.77493703674728E-30,
-1.));
#2948=DIRECTION('ref_axis',(-1.,-7.39557098644567E-32,5.91645678915759E-31));
#2949=DIRECTION('center_axis',(-5.91645678915759E-31,-1.77493703674728E-30,
-1.));
#2950=DIRECTION('ref_axis',(-1.,-7.39557098644567E-32,5.91645678915759E-31));
#2951=DIRECTION('',(-5.91645678915759E-31,-1.77493703674728E-30,-1.));
#2952=DIRECTION('center_axis',(5.91645678915759E-31,1.77493703674728E-30,
1.));
#2953=DIRECTION('ref_axis',(-1.,-7.39557098644567E-32,5.91645678915759E-31));
#2954=DIRECTION('center_axis',(5.91645678915759E-31,1.77493703674728E-30,
1.));
#2955=DIRECTION('ref_axis',(-1.,-7.39557098644567E-32,5.91645678915759E-31));
#2956=DIRECTION('center_axis',(5.91645678915759E-31,1.77493703674728E-30,
1.));
#2957=DIRECTION('ref_axis',(-1.,-7.39557098644567E-32,5.91645678915759E-31));
#2958=DIRECTION('',(-5.91645678915759E-31,-1.77493703674728E-30,-1.));
#2959=DIRECTION('center_axis',(-1.18329135783152E-30,-3.15544362088405E-30,
-1.));
#2960=DIRECTION('ref_axis',(-1.,-1.35585468084837E-31,1.18329135783152E-30));
#2961=DIRECTION('center_axis',(-1.18329135783152E-30,-3.15544362088405E-30,
-1.));
#2962=DIRECTION('ref_axis',(-1.,-1.35585468084837E-31,1.18329135783152E-30));
#2963=DIRECTION('',(-1.18329135783152E-30,-3.15544362088405E-30,-1.));
#2964=DIRECTION('center_axis',(1.18329135783152E-30,3.15544362088405E-30,
1.));
#2965=DIRECTION('ref_axis',(-1.,-1.35585468084837E-31,1.18329135783152E-30));
#2966=DIRECTION('center_axis',(1.18329135783152E-30,3.15544362088405E-30,
1.));
#2967=DIRECTION('ref_axis',(-1.,-1.35585468084837E-31,1.18329135783152E-30));
#2968=DIRECTION('center_axis',(1.18329135783152E-30,3.15544362088405E-30,
1.));
#2969=DIRECTION('ref_axis',(-1.,-1.35585468084837E-31,1.18329135783152E-30));
#2970=DIRECTION('',(-1.18329135783152E-30,-3.15544362088405E-30,-1.));
#2971=DIRECTION('center_axis',(-1.4791141972894E-30,-3.94430452610506E-30,
-1.));
#2972=DIRECTION('ref_axis',(-1.,-1.72563323017066E-31,1.4791141972894E-30));
#2973=DIRECTION('center_axis',(-1.4791141972894E-30,-3.94430452610506E-30,
-1.));
#2974=DIRECTION('ref_axis',(-1.,-1.72563323017066E-31,1.4791141972894E-30));
#2975=DIRECTION('',(-1.4791141972894E-30,-3.94430452610506E-30,-1.));
#2976=DIRECTION('center_axis',(1.4791141972894E-30,3.94430452610506E-30,
1.));
#2977=DIRECTION('ref_axis',(-1.,-1.72563323017066E-31,1.4791141972894E-30));
#2978=DIRECTION('center_axis',(1.4791141972894E-30,3.94430452610506E-30,
1.));
#2979=DIRECTION('ref_axis',(-1.,-1.72563323017066E-31,1.4791141972894E-30));
#2980=DIRECTION('center_axis',(1.4791141972894E-30,3.94430452610506E-30,
1.));
#2981=DIRECTION('ref_axis',(-1.,-1.72563323017066E-31,1.4791141972894E-30));
#2982=DIRECTION('',(-1.4791141972894E-30,-3.94430452610506E-30,-1.));
#2983=DIRECTION('center_axis',(-1.77493703674728E-30,-4.73316543132607E-30,
-1.));
#2984=DIRECTION('ref_axis',(-1.,-2.09541177949294E-31,1.77493703674728E-30));
#2985=DIRECTION('center_axis',(-1.77493703674728E-30,-4.73316543132607E-30,
-1.));
#2986=DIRECTION('ref_axis',(-1.,-2.09541177949294E-31,1.77493703674728E-30));
#2987=DIRECTION('',(-1.77493703674728E-30,-4.73316543132607E-30,-1.));
#2988=DIRECTION('center_axis',(1.77493703674728E-30,4.73316543132607E-30,
1.));
#2989=DIRECTION('ref_axis',(-1.,-2.09541177949294E-31,1.77493703674728E-30));
#2990=DIRECTION('center_axis',(1.77493703674728E-30,4.73316543132607E-30,
1.));
#2991=DIRECTION('ref_axis',(-1.,-2.09541177949294E-31,1.77493703674728E-30));
#2992=DIRECTION('center_axis',(1.77493703674728E-30,4.73316543132607E-30,
1.));
#2993=DIRECTION('ref_axis',(-1.,-2.09541177949294E-31,1.77493703674728E-30));
#2994=DIRECTION('',(-1.77493703674728E-30,-4.73316543132607E-30,-1.));
#2995=DIRECTION('center_axis',(-1.77493703674728E-30,-4.73316543132607E-30,
-1.));
#2996=DIRECTION('ref_axis',(-1.,-2.09541177949294E-31,1.77493703674728E-30));
#2997=DIRECTION('center_axis',(-1.77493703674728E-30,-4.73316543132607E-30,
-1.));
#2998=DIRECTION('ref_axis',(-1.,-2.09541177949294E-31,1.77493703674728E-30));
#2999=DIRECTION('',(-1.77493703674728E-30,-4.73316543132607E-30,-1.));
#3000=DIRECTION('center_axis',(1.77493703674728E-30,4.73316543132607E-30,
1.));
#3001=DIRECTION('ref_axis',(-1.,-2.09541177949294E-31,1.77493703674728E-30));
#3002=DIRECTION('center_axis',(1.77493703674728E-30,4.73316543132607E-30,
1.));
#3003=DIRECTION('ref_axis',(-1.,-2.09541177949294E-31,1.77493703674728E-30));
#3004=DIRECTION('center_axis',(1.77493703674728E-30,4.73316543132607E-30,
1.));
#3005=DIRECTION('ref_axis',(-1.,-2.09541177949294E-31,1.77493703674728E-30));
#3006=DIRECTION('',(-1.77493703674728E-30,-4.73316543132607E-30,-1.));
#3007=DIRECTION('center_axis',(-1.4791141972894E-30,-3.94430452610506E-30,
-1.));
#3008=DIRECTION('ref_axis',(-1.,-1.72563323017066E-31,1.4791141972894E-30));
#3009=DIRECTION('center_axis',(-1.4791141972894E-30,-3.94430452610506E-30,
-1.));
#3010=DIRECTION('ref_axis',(-1.,-1.72563323017066E-31,1.4791141972894E-30));
#3011=DIRECTION('',(-1.4791141972894E-30,-3.94430452610506E-30,-1.));
#3012=DIRECTION('center_axis',(1.4791141972894E-30,3.94430452610506E-30,
1.));
#3013=DIRECTION('ref_axis',(-1.,-1.72563323017066E-31,1.4791141972894E-30));
#3014=DIRECTION('center_axis',(1.4791141972894E-30,3.94430452610506E-30,
1.));
#3015=DIRECTION('ref_axis',(-1.,-1.72563323017066E-31,1.4791141972894E-30));
#3016=DIRECTION('center_axis',(1.4791141972894E-30,3.94430452610506E-30,
1.));
#3017=DIRECTION('ref_axis',(-1.,-1.72563323017066E-31,1.4791141972894E-30));
#3018=DIRECTION('',(-1.4791141972894E-30,-3.94430452610506E-30,-1.));
#3019=DIRECTION('center_axis',(-1.18329135783152E-30,-3.15544362088405E-30,
-1.));
#3020=DIRECTION('ref_axis',(-1.,-1.35585468084837E-31,1.18329135783152E-30));
#3021=DIRECTION('center_axis',(-1.18329135783152E-30,-3.15544362088405E-30,
-1.));
#3022=DIRECTION('ref_axis',(-1.,-1.35585468084837E-31,1.18329135783152E-30));
#3023=DIRECTION('',(-1.18329135783152E-30,-3.15544362088405E-30,-1.));
#3024=DIRECTION('center_axis',(1.18329135783152E-30,3.15544362088405E-30,
1.));
#3025=DIRECTION('ref_axis',(-1.,-1.35585468084837E-31,1.18329135783152E-30));
#3026=DIRECTION('center_axis',(1.18329135783152E-30,3.15544362088405E-30,
1.));
#3027=DIRECTION('ref_axis',(-1.,-1.35585468084837E-31,1.18329135783152E-30));
#3028=DIRECTION('center_axis',(1.18329135783152E-30,3.15544362088405E-30,
1.));
#3029=DIRECTION('ref_axis',(-1.,-1.35585468084837E-31,1.18329135783152E-30));
#3030=DIRECTION('',(-1.18329135783152E-30,-3.15544362088405E-30,-1.));
#3031=DIRECTION('center_axis',(-5.91645678915759E-31,-1.77493703674728E-30,
-1.));
#3032=DIRECTION('ref_axis',(-1.,-7.39557098644567E-32,5.91645678915759E-31));
#3033=DIRECTION('center_axis',(-5.91645678915759E-31,-1.77493703674728E-30,
-1.));
#3034=DIRECTION('ref_axis',(-1.,-7.39557098644567E-32,5.91645678915759E-31));
#3035=DIRECTION('',(-5.91645678915759E-31,-1.77493703674728E-30,-1.));
#3036=DIRECTION('center_axis',(5.91645678915759E-31,1.77493703674728E-30,
1.));
#3037=DIRECTION('ref_axis',(-1.,-7.39557098644567E-32,5.91645678915759E-31));
#3038=DIRECTION('center_axis',(5.91645678915759E-31,1.77493703674728E-30,
1.));
#3039=DIRECTION('ref_axis',(-1.,-7.39557098644567E-32,5.91645678915759E-31));
#3040=DIRECTION('center_axis',(5.91645678915759E-31,1.77493703674728E-30,
1.));
#3041=DIRECTION('ref_axis',(-1.,-7.39557098644567E-32,5.91645678915759E-31));
#3042=DIRECTION('',(-5.91645678915759E-31,-1.77493703674728E-30,-1.));
#3043=DIRECTION('center_axis',(-8.87468518373638E-31,-2.56379794196829E-30,
-1.));
#3044=DIRECTION('ref_axis',(-1.,-1.10933564796685E-31,8.87468518373638E-31));
#3045=DIRECTION('center_axis',(-8.87468518373638E-31,-2.56379794196829E-30,
-1.));
#3046=DIRECTION('ref_axis',(-1.,-1.10933564796685E-31,8.87468518373638E-31));
#3047=DIRECTION('',(-8.87468518373638E-31,-2.56379794196829E-30,-1.));
#3048=DIRECTION('center_axis',(8.87468518373638E-31,2.56379794196829E-30,
1.));
#3049=DIRECTION('ref_axis',(-1.,-1.10933564796685E-31,8.87468518373638E-31));
#3050=DIRECTION('center_axis',(8.87468518373638E-31,2.56379794196829E-30,
1.));
#3051=DIRECTION('ref_axis',(-1.,-1.10933564796685E-31,8.87468518373638E-31));
#3052=DIRECTION('center_axis',(8.87468518373638E-31,2.56379794196829E-30,
1.));
#3053=DIRECTION('ref_axis',(-1.,-1.10933564796685E-31,8.87468518373638E-31));
#3054=DIRECTION('',(-8.87468518373638E-31,-2.56379794196829E-30,-1.));
#3055=DIRECTION('center_axis',(0.,0.,-1.));
#3056=DIRECTION('ref_axis',(-1.,0.,0.));
#3057=DIRECTION('',(-1.,4.28943117213926E-30,0.));
#3058=DIRECTION('',(-4.28943117213926E-30,-1.,0.));
#3059=DIRECTION('',(1.,-4.28943117213926E-30,0.));
#3060=DIRECTION('',(4.28943117213926E-30,1.,0.));
#3061=DIRECTION('center_axis',(1.,-4.28943117213926E-30,-3.72048847644834E-46));
#3062=DIRECTION('ref_axis',(4.28943117213926E-30,1.,8.32667268468852E-17));
#3063=DIRECTION('',(0.,-8.67361737988403E-17,1.));
#3064=DIRECTION('',(-4.28943117213926E-30,-1.,4.73316543132607E-30));
#3065=DIRECTION('',(0.,-8.67361737988403E-17,1.));
#3066=DIRECTION('center_axis',(-4.28943117213926E-30,-1.,-8.67361737988403E-17));
#3067=DIRECTION('ref_axis',(1.,-4.28943117213926E-30,-9.86076131526265E-32));
#3068=DIRECTION('',(0.,-8.67361737988403E-17,1.));
#3069=DIRECTION('',(-1.,4.28943117213926E-30,1.77493703674728E-30));
#3070=DIRECTION('center_axis',(1.77493703674728E-30,4.73316543132607E-30,
1.));
#3071=DIRECTION('ref_axis',(1.,0.,-1.77493703674728E-30));
#3072=DIRECTION('',(4.28943117213926E-30,1.,-4.73316543132607E-30));
#3073=DIRECTION('',(1.,-4.28943117213926E-30,-1.77493703674728E-30));
#3074=DIRECTION('center_axis',(-1.,4.28943117213926E-30,3.72048847644834E-46));
#3075=DIRECTION('ref_axis',(-4.28943117213926E-30,-1.,-8.32667268468852E-17));
#3076=DIRECTION('',(0.,-8.67361737988403E-17,1.));
#3077=DIRECTION('center_axis',(4.28943117213926E-30,1.,8.67361737988403E-17));
#3078=DIRECTION('ref_axis',(-1.,4.28943117213926E-30,9.86076131526265E-32));
#3079=DIRECTION('center_axis',(0.,0.,-1.));
#3080=DIRECTION('ref_axis',(-1.,0.,0.));
#3081=DIRECTION('',(-4.28943117213926E-30,-1.,0.));
#3082=DIRECTION('',(1.,-4.28943117213926E-30,0.));
#3083=DIRECTION('',(4.28943117213926E-30,1.,0.));
#3084=DIRECTION('',(-1.,4.28943117213926E-30,0.));
#3085=DIRECTION('center_axis',(4.28943117213926E-30,1.,0.));
#3086=DIRECTION('ref_axis',(-1.,4.28943117213926E-30,9.86076131526265E-32));
#3087=DIRECTION('',(0.,0.,1.));
#3088=DIRECTION('',(1.,-4.28943117213926E-30,-1.77493703674728E-30));
#3089=DIRECTION('',(0.,0.,1.));
#3090=DIRECTION('center_axis',(1.,-4.28943117213926E-30,0.));
#3091=DIRECTION('ref_axis',(4.28943117213926E-30,1.,8.32667268468852E-17));
#3092=DIRECTION('',(0.,0.,1.));
#3093=DIRECTION('',(-4.28943117213926E-30,-1.,4.73316543132607E-30));
#3094=DIRECTION('center_axis',(1.77493703674728E-30,4.73316543132607E-30,
1.));
#3095=DIRECTION('ref_axis',(1.,0.,-1.77493703674728E-30));
#3096=DIRECTION('',(-1.,4.28943117213926E-30,1.77493703674728E-30));
#3097=DIRECTION('',(4.28943117213926E-30,1.,-4.73316543132607E-30));
#3098=DIRECTION('center_axis',(-4.28943117213926E-30,-1.,0.));
#3099=DIRECTION('ref_axis',(1.,-4.28943117213926E-30,-9.86076131526265E-32));
#3100=DIRECTION('',(0.,0.,1.));
#3101=DIRECTION('center_axis',(-1.,4.28943117213926E-30,0.));
#3102=DIRECTION('ref_axis',(-4.28943117213926E-30,-1.,-8.32667268468852E-17));
#3103=DIRECTION('center_axis',(0.,0.,-1.));
#3104=DIRECTION('ref_axis',(-1.,0.,0.));
#3105=DIRECTION('',(4.28943117213926E-30,1.,0.));
#3106=DIRECTION('',(-1.,4.28943117213926E-30,0.));
#3107=DIRECTION('',(-4.28943117213926E-30,-1.,0.));
#3108=DIRECTION('',(1.,-4.28943117213926E-30,0.));
#3109=DIRECTION('center_axis',(-4.28943117213926E-30,-1.,-8.67361737988403E-17));
#3110=DIRECTION('ref_axis',(1.,-4.28943117213926E-30,-9.86076131526265E-32));
#3111=DIRECTION('',(0.,-8.67361737988403E-17,1.));
#3112=DIRECTION('',(-1.,4.28943117213926E-30,1.77493703674728E-30));
#3113=DIRECTION('',(0.,-8.67361737988403E-17,1.));
#3114=DIRECTION('center_axis',(-1.,4.28943117213926E-30,3.72048847644834E-46));
#3115=DIRECTION('ref_axis',(-4.28943117213926E-30,-1.,-8.32667268468852E-17));
#3116=DIRECTION('',(0.,-8.67361737988403E-17,1.));
#3117=DIRECTION('',(4.28943117213926E-30,1.,-4.73316543132607E-30));
#3118=DIRECTION('center_axis',(1.77493703674728E-30,4.73316543132607E-30,
1.));
#3119=DIRECTION('ref_axis',(1.,0.,-1.77493703674728E-30));
#3120=DIRECTION('',(1.,-4.28943117213926E-30,-1.77493703674728E-30));
#3121=DIRECTION('',(-4.28943117213926E-30,-1.,4.73316543132607E-30));
#3122=DIRECTION('center_axis',(4.28943117213926E-30,1.,8.67361737988403E-17));
#3123=DIRECTION('ref_axis',(-1.,4.28943117213926E-30,9.86076131526265E-32));
#3124=DIRECTION('',(0.,-8.67361737988403E-17,1.));
#3125=DIRECTION('center_axis',(1.,-4.28943117213926E-30,-3.72048847644834E-46));
#3126=DIRECTION('ref_axis',(4.28943117213926E-30,1.,8.32667268468852E-17));
#3127=DIRECTION('center_axis',(0.,0.,-1.));
#3128=DIRECTION('ref_axis',(-1.,0.,0.));
#3129=DIRECTION('',(-1.,4.28943117213926E-30,0.));
#3130=DIRECTION('',(-4.28943117213926E-30,-1.,0.));
#3131=DIRECTION('',(1.,-4.28943117213926E-30,0.));
#3132=DIRECTION('',(4.28943117213926E-30,1.,0.));
#3133=DIRECTION('center_axis',(1.,-4.28943117213926E-30,-3.72048847644834E-46));
#3134=DIRECTION('ref_axis',(4.28943117213926E-30,1.,8.32667268468852E-17));
#3135=DIRECTION('',(0.,-8.67361737988403E-17,1.));
#3136=DIRECTION('',(-4.28943117213926E-30,-1.,4.73316543132607E-30));
#3137=DIRECTION('',(0.,-8.67361737988403E-17,1.));
#3138=DIRECTION('center_axis',(-4.28943117213926E-30,-1.,-8.67361737988403E-17));
#3139=DIRECTION('ref_axis',(1.,-4.28943117213926E-30,-9.86076131526265E-32));
#3140=DIRECTION('',(0.,-8.67361737988403E-17,1.));
#3141=DIRECTION('',(-1.,4.28943117213926E-30,1.77493703674728E-30));
#3142=DIRECTION('center_axis',(1.77493703674728E-30,4.73316543132607E-30,
1.));
#3143=DIRECTION('ref_axis',(1.,0.,-1.77493703674728E-30));
#3144=DIRECTION('',(4.28943117213926E-30,1.,-4.73316543132607E-30));
#3145=DIRECTION('',(1.,-4.28943117213926E-30,-1.77493703674728E-30));
#3146=DIRECTION('center_axis',(-1.,4.28943117213926E-30,3.72048847644834E-46));
#3147=DIRECTION('ref_axis',(-4.28943117213926E-30,-1.,-8.32667268468852E-17));
#3148=DIRECTION('',(0.,-8.67361737988403E-17,1.));
#3149=DIRECTION('center_axis',(4.28943117213926E-30,1.,8.67361737988403E-17));
#3150=DIRECTION('ref_axis',(-1.,4.28943117213926E-30,9.86076131526265E-32));
#3151=DIRECTION('center_axis',(0.,0.,-1.));
#3152=DIRECTION('ref_axis',(-1.,0.,0.));
#3153=DIRECTION('',(-1.,4.28943117213926E-30,0.));
#3154=DIRECTION('',(-4.28943117213926E-30,-1.,0.));
#3155=DIRECTION('',(1.,-4.28943117213926E-30,0.));
#3156=DIRECTION('',(4.28943117213926E-30,1.,0.));
#3157=DIRECTION('center_axis',(1.,-4.28943117213926E-30,-3.72048847644834E-46));
#3158=DIRECTION('ref_axis',(4.28943117213926E-30,1.,8.32667268468852E-17));
#3159=DIRECTION('',(0.,-8.67361737988403E-17,1.));
#3160=DIRECTION('',(-4.28943117213926E-30,-1.,4.73316543132607E-30));
#3161=DIRECTION('',(0.,-8.67361737988403E-17,1.));
#3162=DIRECTION('center_axis',(-4.28943117213926E-30,-1.,-8.67361737988403E-17));
#3163=DIRECTION('ref_axis',(1.,-4.28943117213926E-30,-9.86076131526265E-32));
#3164=DIRECTION('',(0.,-8.67361737988403E-17,1.));
#3165=DIRECTION('',(-1.,4.28943117213926E-30,1.77493703674728E-30));
#3166=DIRECTION('center_axis',(1.77493703674728E-30,4.73316543132607E-30,
1.));
#3167=DIRECTION('ref_axis',(1.,0.,-1.77493703674728E-30));
#3168=DIRECTION('',(4.28943117213926E-30,1.,-4.73316543132607E-30));
#3169=DIRECTION('',(1.,-4.28943117213926E-30,-1.77493703674728E-30));
#3170=DIRECTION('center_axis',(-1.,4.28943117213926E-30,3.72048847644834E-46));
#3171=DIRECTION('ref_axis',(-4.28943117213926E-30,-1.,-8.32667268468852E-17));
#3172=DIRECTION('',(0.,-8.67361737988403E-17,1.));
#3173=DIRECTION('center_axis',(4.28943117213926E-30,1.,8.67361737988403E-17));
#3174=DIRECTION('ref_axis',(-1.,4.28943117213926E-30,9.86076131526265E-32));
#3175=DIRECTION('center_axis',(0.,0.,-1.));
#3176=DIRECTION('ref_axis',(-1.,0.,0.));
#3177=DIRECTION('',(-1.,4.28943117213926E-30,0.));
#3178=DIRECTION('',(-4.28943117213926E-30,-1.,0.));
#3179=DIRECTION('',(1.,-4.28943117213926E-30,0.));
#3180=DIRECTION('',(4.28943117213926E-30,1.,0.));
#3181=DIRECTION('center_axis',(1.,-4.28943117213926E-30,-3.72048847644834E-46));
#3182=DIRECTION('ref_axis',(4.28943117213926E-30,1.,8.32667268468852E-17));
#3183=DIRECTION('',(0.,-8.67361737988403E-17,1.));
#3184=DIRECTION('',(-4.28943117213926E-30,-1.,4.73316543132607E-30));
#3185=DIRECTION('',(0.,-8.67361737988403E-17,1.));
#3186=DIRECTION('center_axis',(-4.28943117213926E-30,-1.,-8.67361737988403E-17));
#3187=DIRECTION('ref_axis',(1.,-4.28943117213926E-30,-9.86076131526265E-32));
#3188=DIRECTION('',(0.,-8.67361737988403E-17,1.));
#3189=DIRECTION('',(-1.,4.28943117213926E-30,1.77493703674728E-30));
#3190=DIRECTION('center_axis',(1.77493703674728E-30,4.73316543132607E-30,
1.));
#3191=DIRECTION('ref_axis',(1.,0.,-1.77493703674728E-30));
#3192=DIRECTION('',(4.28943117213926E-30,1.,-4.73316543132607E-30));
#3193=DIRECTION('',(1.,-4.28943117213926E-30,-1.77493703674728E-30));
#3194=DIRECTION('center_axis',(-1.,4.28943117213926E-30,3.72048847644834E-46));
#3195=DIRECTION('ref_axis',(-4.28943117213926E-30,-1.,-8.32667268468852E-17));
#3196=DIRECTION('',(0.,-8.67361737988403E-17,1.));
#3197=DIRECTION('center_axis',(4.28943117213926E-30,1.,8.67361737988403E-17));
#3198=DIRECTION('ref_axis',(-1.,4.28943117213926E-30,9.86076131526265E-32));
#3199=DIRECTION('center_axis',(0.,0.,-1.));
#3200=DIRECTION('ref_axis',(-1.,0.,0.));
#3201=DIRECTION('',(1.,-4.28943117213926E-30,0.));
#3202=DIRECTION('',(4.28943117213926E-30,1.,0.));
#3203=DIRECTION('',(-1.,4.28943117213926E-30,0.));
#3204=DIRECTION('',(-4.28943117213926E-30,-1.,0.));
#3205=DIRECTION('center_axis',(-1.,4.28943117213926E-30,0.));
#3206=DIRECTION('ref_axis',(-4.28943117213926E-30,-1.,-8.32667268468852E-17));
#3207=DIRECTION('',(0.,0.,1.));
#3208=DIRECTION('',(4.28943117213926E-30,1.,-4.73316543132607E-30));
#3209=DIRECTION('',(0.,0.,1.));
#3210=DIRECTION('center_axis',(4.28943117213926E-30,1.,0.));
#3211=DIRECTION('ref_axis',(-1.,4.28943117213926E-30,9.86076131526265E-32));
#3212=DIRECTION('',(0.,0.,1.));
#3213=DIRECTION('',(1.,-4.28943117213926E-30,-1.77493703674728E-30));
#3214=DIRECTION('center_axis',(1.77493703674728E-30,4.73316543132607E-30,
1.));
#3215=DIRECTION('ref_axis',(1.,0.,-1.77493703674728E-30));
#3216=DIRECTION('',(-4.28943117213926E-30,-1.,4.73316543132607E-30));
#3217=DIRECTION('',(-1.,4.28943117213926E-30,1.77493703674728E-30));
#3218=DIRECTION('center_axis',(1.,-4.28943117213926E-30,0.));
#3219=DIRECTION('ref_axis',(4.28943117213926E-30,1.,8.32667268468852E-17));
#3220=DIRECTION('',(0.,0.,1.));
#3221=DIRECTION('center_axis',(-4.28943117213926E-30,-1.,0.));
#3222=DIRECTION('ref_axis',(1.,-4.28943117213926E-30,-9.86076131526265E-32));
#3223=DIRECTION('center_axis',(0.,0.,-1.));
#3224=DIRECTION('ref_axis',(-1.,0.,0.));
#3225=DIRECTION('',(1.,-4.28943117213926E-30,0.));
#3226=DIRECTION('',(4.28943117213926E-30,1.,0.));
#3227=DIRECTION('',(-1.,4.28943117213926E-30,0.));
#3228=DIRECTION('',(-4.28943117213926E-30,-1.,0.));
#3229=DIRECTION('center_axis',(-1.,4.28943117213926E-30,0.));
#3230=DIRECTION('ref_axis',(-4.28943117213926E-30,-1.,-8.32667268468852E-17));
#3231=DIRECTION('',(0.,0.,1.));
#3232=DIRECTION('',(4.28943117213926E-30,1.,-4.73316543132607E-30));
#3233=DIRECTION('',(0.,0.,1.));
#3234=DIRECTION('center_axis',(4.28943117213926E-30,1.,0.));
#3235=DIRECTION('ref_axis',(-1.,4.28943117213926E-30,9.86076131526265E-32));
#3236=DIRECTION('',(0.,0.,1.));
#3237=DIRECTION('',(1.,-4.28943117213926E-30,-1.77493703674728E-30));
#3238=DIRECTION('center_axis',(1.77493703674728E-30,4.73316543132607E-30,
1.));
#3239=DIRECTION('ref_axis',(1.,0.,-1.77493703674728E-30));
#3240=DIRECTION('',(-4.28943117213926E-30,-1.,4.73316543132607E-30));
#3241=DIRECTION('',(-1.,4.28943117213926E-30,1.77493703674728E-30));
#3242=DIRECTION('center_axis',(1.,-4.28943117213926E-30,0.));
#3243=DIRECTION('ref_axis',(4.28943117213926E-30,1.,8.32667268468852E-17));
#3244=DIRECTION('',(0.,0.,1.));
#3245=DIRECTION('center_axis',(-4.28943117213926E-30,-1.,0.));
#3246=DIRECTION('ref_axis',(1.,-4.28943117213926E-30,-9.86076131526265E-32));
#3247=DIRECTION('center_axis',(0.,0.,-1.));
#3248=DIRECTION('ref_axis',(-1.,0.,0.));
#3249=DIRECTION('',(4.28943117213926E-30,1.,0.));
#3250=DIRECTION('',(-1.,4.28943117213926E-30,0.));
#3251=DIRECTION('',(-4.28943117213926E-30,-1.,0.));
#3252=DIRECTION('',(1.,-4.28943117213926E-30,0.));
#3253=DIRECTION('center_axis',(-4.28943117213926E-30,-1.,-8.67361737988403E-17));
#3254=DIRECTION('ref_axis',(1.,-4.28943117213926E-30,-9.86076131526265E-32));
#3255=DIRECTION('',(0.,-8.67361737988403E-17,1.));
#3256=DIRECTION('',(-1.,4.28943117213926E-30,1.77493703674728E-30));
#3257=DIRECTION('',(0.,-8.67361737988403E-17,1.));
#3258=DIRECTION('center_axis',(-1.,4.28943117213926E-30,3.72048847644834E-46));
#3259=DIRECTION('ref_axis',(-4.28943117213926E-30,-1.,-8.32667268468852E-17));
#3260=DIRECTION('',(0.,-8.67361737988403E-17,1.));
#3261=DIRECTION('',(4.28943117213926E-30,1.,-4.73316543132607E-30));
#3262=DIRECTION('center_axis',(1.77493703674728E-30,4.73316543132607E-30,
1.));
#3263=DIRECTION('ref_axis',(1.,0.,-1.77493703674728E-30));
#3264=DIRECTION('',(1.,-4.28943117213926E-30,-1.77493703674728E-30));
#3265=DIRECTION('',(-4.28943117213926E-30,-1.,4.73316543132607E-30));
#3266=DIRECTION('center_axis',(4.28943117213926E-30,1.,8.67361737988403E-17));
#3267=DIRECTION('ref_axis',(-1.,4.28943117213926E-30,9.86076131526265E-32));
#3268=DIRECTION('',(0.,-8.67361737988403E-17,1.));
#3269=DIRECTION('center_axis',(1.,-4.28943117213926E-30,-3.72048847644834E-46));
#3270=DIRECTION('ref_axis',(4.28943117213926E-30,1.,8.32667268468852E-17));
#3271=DIRECTION('center_axis',(0.,0.,-1.));
#3272=DIRECTION('ref_axis',(-1.,0.,0.));
#3273=DIRECTION('',(-1.,4.28943117213926E-30,0.));
#3274=DIRECTION('',(-4.28943117213926E-30,-1.,0.));
#3275=DIRECTION('',(1.,-4.28943117213926E-30,0.));
#3276=DIRECTION('',(4.28943117213926E-30,1.,0.));
#3277=DIRECTION('center_axis',(1.,-4.28943117213926E-30,-3.72048847644834E-46));
#3278=DIRECTION('ref_axis',(4.28943117213926E-30,1.,8.32667268468852E-17));
#3279=DIRECTION('',(0.,-8.67361737988403E-17,1.));
#3280=DIRECTION('',(-4.28943117213926E-30,-1.,4.73316543132607E-30));
#3281=DIRECTION('',(0.,-8.67361737988403E-17,1.));
#3282=DIRECTION('center_axis',(-4.28943117213926E-30,-1.,-8.67361737988403E-17));
#3283=DIRECTION('ref_axis',(1.,-4.28943117213926E-30,-9.86076131526265E-32));
#3284=DIRECTION('',(0.,-8.67361737988403E-17,1.));
#3285=DIRECTION('',(-1.,4.28943117213926E-30,1.77493703674728E-30));
#3286=DIRECTION('center_axis',(1.77493703674728E-30,4.73316543132607E-30,
1.));
#3287=DIRECTION('ref_axis',(1.,0.,-1.77493703674728E-30));
#3288=DIRECTION('',(4.28943117213926E-30,1.,-4.73316543132607E-30));
#3289=DIRECTION('',(1.,-4.28943117213926E-30,-1.77493703674728E-30));
#3290=DIRECTION('center_axis',(-1.,4.28943117213926E-30,3.72048847644834E-46));
#3291=DIRECTION('ref_axis',(-4.28943117213926E-30,-1.,-8.32667268468852E-17));
#3292=DIRECTION('',(0.,-8.67361737988403E-17,1.));
#3293=DIRECTION('center_axis',(4.28943117213926E-30,1.,8.67361737988403E-17));
#3294=DIRECTION('ref_axis',(-1.,4.28943117213926E-30,9.86076131526265E-32));
#3295=DIRECTION('center_axis',(0.,0.,-1.));
#3296=DIRECTION('ref_axis',(-1.,0.,0.));
#3297=DIRECTION('',(4.28943117213926E-30,1.,0.));
#3298=DIRECTION('',(-1.,4.28943117213926E-30,0.));
#3299=DIRECTION('',(-4.28943117213926E-30,-1.,0.));
#3300=DIRECTION('',(1.,-4.28943117213926E-30,0.));
#3301=DIRECTION('center_axis',(-4.28943117213926E-30,-1.,-8.67361737988403E-17));
#3302=DIRECTION('ref_axis',(1.,-4.28943117213926E-30,-9.86076131526265E-32));
#3303=DIRECTION('',(0.,-8.67361737988403E-17,1.));
#3304=DIRECTION('',(-1.,4.28943117213926E-30,1.77493703674728E-30));
#3305=DIRECTION('',(0.,-8.67361737988403E-17,1.));
#3306=DIRECTION('center_axis',(-1.,4.28943117213926E-30,3.72048847644834E-46));
#3307=DIRECTION('ref_axis',(-4.28943117213926E-30,-1.,-8.32667268468852E-17));
#3308=DIRECTION('',(0.,-8.67361737988403E-17,1.));
#3309=DIRECTION('',(4.28943117213926E-30,1.,-4.73316543132607E-30));
#3310=DIRECTION('center_axis',(1.77493703674728E-30,4.73316543132607E-30,
1.));
#3311=DIRECTION('ref_axis',(1.,0.,-1.77493703674728E-30));
#3312=DIRECTION('',(1.,-4.28943117213926E-30,-1.77493703674728E-30));
#3313=DIRECTION('',(-4.28943117213926E-30,-1.,4.73316543132607E-30));
#3314=DIRECTION('center_axis',(4.28943117213926E-30,1.,8.67361737988403E-17));
#3315=DIRECTION('ref_axis',(-1.,4.28943117213926E-30,9.86076131526265E-32));
#3316=DIRECTION('',(0.,-8.67361737988403E-17,1.));
#3317=DIRECTION('center_axis',(1.,-4.28943117213926E-30,-3.72048847644834E-46));
#3318=DIRECTION('ref_axis',(4.28943117213926E-30,1.,8.32667268468852E-17));
#3319=DIRECTION('center_axis',(0.,0.,-1.));
#3320=DIRECTION('ref_axis',(-1.,0.,0.));
#3321=DIRECTION('',(-4.2647792688511E-30,-1.,0.));
#3322=DIRECTION('',(1.,-4.2647792688511E-30,0.));
#3323=DIRECTION('',(4.2647792688511E-30,1.,0.));
#3324=DIRECTION('',(-1.,4.2647792688511E-30,0.));
#3325=DIRECTION('center_axis',(4.2647792688511E-30,1.,-7.88860905221012E-31));
#3326=DIRECTION('ref_axis',(-1.,4.2647792688511E-30,2.95822839457879E-31));
#3327=DIRECTION('',(1.97215226305253E-31,7.88860905221012E-31,1.));
#3328=DIRECTION('',(1.,-4.2647792688511E-30,-1.97215226305253E-30));
#3329=DIRECTION('',(1.97215226305253E-31,7.88860905221012E-31,1.));
#3330=DIRECTION('center_axis',(1.,-4.2647792688511E-30,-1.97215226305253E-31));
#3331=DIRECTION('ref_axis',(4.2647792688511E-30,1.,8.32667268468844E-17));
#3332=DIRECTION('',(1.97215226305253E-31,7.88860905221012E-31,1.));
#3333=DIRECTION('',(-4.2647792688511E-30,-1.,5.52202633654708E-30));
#3334=DIRECTION('center_axis',(1.97215226305253E-30,5.52202633654708E-30,
1.));
#3335=DIRECTION('ref_axis',(1.,2.46519032881521E-32,-1.97215226305253E-30));
#3336=DIRECTION('',(-1.,4.2647792688511E-30,1.97215226305253E-30));
#3337=DIRECTION('',(4.2647792688511E-30,1.,-5.52202633654708E-30));
#3338=DIRECTION('center_axis',(-4.2647792688511E-30,-1.,7.88860905221012E-31));
#3339=DIRECTION('ref_axis',(1.,-4.2647792688511E-30,-2.95822839457879E-31));
#3340=DIRECTION('',(1.97215226305253E-31,7.88860905221012E-31,1.));
#3341=DIRECTION('center_axis',(-1.,4.2647792688511E-30,1.97215226305253E-31));
#3342=DIRECTION('ref_axis',(-4.2647792688511E-30,-1.,-8.32667268468844E-17));
#3343=DIRECTION('center_axis',(0.,0.,-1.));
#3344=DIRECTION('ref_axis',(-1.,0.,0.));
#3345=DIRECTION('',(-1.,4.24012736556295E-30,0.));
#3346=DIRECTION('',(-4.24012736556295E-30,-1.,0.));
#3347=DIRECTION('',(1.,-4.24012736556295E-30,0.));
#3348=DIRECTION('',(4.24012736556295E-30,1.,0.));
#3349=DIRECTION('center_axis',(1.,-4.24012736556295E-30,-2.9582283945788E-31));
#3350=DIRECTION('ref_axis',(4.24012736556295E-30,1.,8.3266726846884E-17));
#3351=DIRECTION('',(2.95822839457879E-31,-8.67361737988392E-17,1.));
#3352=DIRECTION('',(-4.24012736556295E-30,-1.,5.91645678915759E-30));
#3353=DIRECTION('',(2.95822839457879E-31,-8.67361737988392E-17,1.));
#3354=DIRECTION('center_axis',(-4.24012736556295E-30,-1.,-8.67361737988392E-17));
#3355=DIRECTION('ref_axis',(1.,-4.24012736556295E-30,-3.94430452610506E-31));
#3356=DIRECTION('',(2.95822839457879E-31,-8.67361737988392E-17,1.));
#3357=DIRECTION('',(-1.,4.24012736556295E-30,2.07075987620516E-30));
#3358=DIRECTION('center_axis',(2.07075987620516E-30,5.91645678915759E-30,
1.));
#3359=DIRECTION('ref_axis',(1.,4.93038065763064E-32,-2.07075987620516E-30));
#3360=DIRECTION('',(4.24012736556295E-30,1.,-5.91645678915759E-30));
#3361=DIRECTION('',(1.,-4.24012736556295E-30,-2.07075987620516E-30));
#3362=DIRECTION('center_axis',(-1.,4.24012736556295E-30,2.9582283945788E-31));
#3363=DIRECTION('ref_axis',(-4.24012736556295E-30,-1.,-8.3266726846884E-17));
#3364=DIRECTION('',(2.95822839457879E-31,-8.67361737988392E-17,1.));
#3365=DIRECTION('center_axis',(4.24012736556295E-30,1.,8.67361737988392E-17));
#3366=DIRECTION('ref_axis',(-1.,4.24012736556295E-30,3.94430452610506E-31));
#3367=DIRECTION('',(6.66133814775094E-16,1.38777878078144E-15,0.999999999999999));
#3368=DIRECTION('',(-1.,1.1102230246252E-16,6.66133814775093E-16));
#3369=CARTESIAN_POINT('',(0.,0.,0.));
#3370=CARTESIAN_POINT('',(0.,0.,0.));
#3371=CARTESIAN_POINT('Origin',(0.0689944740026771,-3.15,2.77));
#3372=CARTESIAN_POINT('',(2.67899447400268,-5.05,2.77));
#3373=CARTESIAN_POINT('',(-2.54100552599732,-5.05,2.77));
#3374=CARTESIAN_POINT('',(-1.23600552599732,-5.05,2.77));
#3375=CARTESIAN_POINT('',(2.67899447400268,-1.25,2.77));
#3376=CARTESIAN_POINT('',(2.67899447400268,-4.1,2.77));
#3377=CARTESIAN_POINT('',(-2.54100552599732,-1.25,2.77));
#3378=CARTESIAN_POINT('',(1.37399447400268,-1.25,2.77));
#3379=CARTESIAN_POINT('',(-2.54100552599732,-2.2,2.77));
#3380=CARTESIAN_POINT('Origin',(-2.54100552599732,-1.25,1.63));
#3381=CARTESIAN_POINT('',(-2.54100552599732,-1.25,1.63));
#3382=CARTESIAN_POINT('',(-2.54100552599732,-1.25,1.63));
#3383=CARTESIAN_POINT('',(-2.54100552599732,-5.05,1.63));
#3384=CARTESIAN_POINT('',(-2.54100552599732,-5.05,1.63));
#3385=CARTESIAN_POINT('',(-2.54100552599732,-5.05,1.63));
#3386=CARTESIAN_POINT('Origin',(2.67899447400268,-1.25,1.63));
#3387=CARTESIAN_POINT('',(2.67899447400268,-1.25,1.63));
#3388=CARTESIAN_POINT('',(2.67899447400268,-1.25,1.63));
#3389=CARTESIAN_POINT('',(-2.54100552599732,-1.25,1.63));
#3390=CARTESIAN_POINT('Origin',(2.67899447400268,-5.05,1.63));
#3391=CARTESIAN_POINT('',(2.67899447400268,-5.05,1.63));
#3392=CARTESIAN_POINT('',(2.67899447400268,-5.05,1.63));
#3393=CARTESIAN_POINT('',(2.67899447400268,-1.25,1.63));
#3394=CARTESIAN_POINT('Origin',(-2.54100552599732,-5.05,1.63));
#3395=CARTESIAN_POINT('',(2.67899447400268,-5.05,1.63));
#3396=CARTESIAN_POINT('Origin',(0.0689944740026771,-3.15,1.63));
#3397=CARTESIAN_POINT('Origin',(10.135,8.36482219397902E-30,1.63000000000003));
#3398=CARTESIAN_POINT('',(-12.7,-7.36,1.63));
#3399=CARTESIAN_POINT('',(12.7,-7.36,1.63));
#3400=CARTESIAN_POINT('',(-1.27,-7.36,1.63000000000003));
#3401=CARTESIAN_POINT('',(12.7,7.45,1.63000000000003));
#3402=CARTESIAN_POINT('',(12.7,2.94044390810311,1.63000000000003));
#3403=CARTESIAN_POINT('',(-12.7,7.45,1.63000000000002));
#3404=CARTESIAN_POINT('',(16.4725,7.45,1.63000000000003));
#3405=CARTESIAN_POINT('',(-12.7,-7.7,1.63));
#3406=CARTESIAN_POINT('',(-0.269999999999994,6.23,1.63000000000001));
#3407=CARTESIAN_POINT('Origin',(-1.26999999999999,6.23,1.63000000000001));
#3408=CARTESIAN_POINT('',(-5.34999999999999,6.23,1.63000000000001));
#3409=CARTESIAN_POINT('Origin',(-6.34999999999999,6.23,1.63000000000001));
#3410=CARTESIAN_POINT('',(-10.43,6.23,1.63000000000002));
#3411=CARTESIAN_POINT('Origin',(-11.43,6.23,1.63000000000002));
#3412=CARTESIAN_POINT('',(4.81,6.23,1.63000000000002));
#3413=CARTESIAN_POINT('Origin',(3.81,6.23,1.63000000000002));
#3414=CARTESIAN_POINT('',(9.89000000000001,6.23,1.63000000000003));
#3415=CARTESIAN_POINT('Origin',(8.89000000000001,6.23,1.63000000000003));
#3416=CARTESIAN_POINT('',(12.43,6.23,1.63000000000003));
#3417=CARTESIAN_POINT('Origin',(11.43,6.23,1.63000000000003));
#3418=CARTESIAN_POINT('',(7.35,6.23,1.63000000000002));
#3419=CARTESIAN_POINT('Origin',(6.35,6.23,1.63000000000002));
#3420=CARTESIAN_POINT('',(-7.89,6.23,1.63000000000002));
#3421=CARTESIAN_POINT('Origin',(-8.89,6.23,1.63000000000002));
#3422=CARTESIAN_POINT('',(-2.80999999999999,6.23,1.63000000000001));
#3423=CARTESIAN_POINT('Origin',(-3.80999999999999,6.23,1.63000000000001));
#3424=CARTESIAN_POINT('',(2.27000000000001,6.23,1.63000000000001));
#3425=CARTESIAN_POINT('Origin',(1.27000000000001,6.23,1.63000000000001));
#3426=CARTESIAN_POINT('',(12.0291199027557,-4.76270616336674,1.63000000000003));
#3427=CARTESIAN_POINT('Origin',(10.0291199027557,-4.76270616336674,1.63000000000003));
#3428=CARTESIAN_POINT('',(-8.029,-4.76270616336674,1.63000000000003));
#3429=CARTESIAN_POINT('Origin',(-10.029,-4.76270616336674,1.63000000000003));
#3430=CARTESIAN_POINT('',(-6.64999983459711,-1.70000020042062,1.63000000000003));
#3431=CARTESIAN_POINT('Origin',(-7.39999983459711,-1.70000020042062,1.63000000000003));
#3432=CARTESIAN_POINT('Origin',(8.89000000000001,6.23,0.0200000000000266));
#3433=CARTESIAN_POINT('',(9.89000000000001,6.23,0.0200000000000266));
#3434=CARTESIAN_POINT('Origin',(8.89000000000001,6.23,0.0200000000000266));
#3435=CARTESIAN_POINT('',(9.39000000000001,6.23,0.0200000000000266));
#3436=CARTESIAN_POINT('Origin',(8.89000000000001,6.23,0.0200000000000266));
#3437=CARTESIAN_POINT('Origin',(8.89000000000001,6.23,0.290000000000027));
#3438=CARTESIAN_POINT('',(9.89000000000001,6.23,0.0300000000000266));
#3439=CARTESIAN_POINT('',(9.89000000000001,6.23,0.290000000000027));
#3440=CARTESIAN_POINT('Origin',(8.89000000000001,6.23,0.0300000000000266));
#3441=CARTESIAN_POINT('Origin',(11.43,6.23,0.0200000000000266));
#3442=CARTESIAN_POINT('',(12.43,6.23,0.0200000000000266));
#3443=CARTESIAN_POINT('Origin',(11.43,6.23,0.0200000000000266));
#3444=CARTESIAN_POINT('',(11.93,6.23,0.0200000000000266));
#3445=CARTESIAN_POINT('Origin',(11.43,6.23,0.0200000000000266));
#3446=CARTESIAN_POINT('Origin',(11.43,6.23,0.290000000000027));
#3447=CARTESIAN_POINT('',(12.43,6.23,0.0300000000000266));
#3448=CARTESIAN_POINT('',(12.43,6.23,0.290000000000027));
#3449=CARTESIAN_POINT('Origin',(11.43,6.23,0.0300000000000266));
#3450=CARTESIAN_POINT('Origin',(3.81,6.23,0.0200000000000222));
#3451=CARTESIAN_POINT('',(4.81,6.23,0.0200000000000222));
#3452=CARTESIAN_POINT('Origin',(3.81,6.23,0.0200000000000222));
#3453=CARTESIAN_POINT('',(4.31,6.23,0.0200000000000222));
#3454=CARTESIAN_POINT('Origin',(3.81,6.23,0.0200000000000222));
#3455=CARTESIAN_POINT('Origin',(3.81,6.23,0.290000000000022));
#3456=CARTESIAN_POINT('',(4.81,6.23,0.0300000000000222));
#3457=CARTESIAN_POINT('',(4.81,6.23,0.290000000000022));
#3458=CARTESIAN_POINT('Origin',(3.81,6.23,0.0300000000000222));
#3459=CARTESIAN_POINT('Origin',(6.35,6.23,0.0200000000000222));
#3460=CARTESIAN_POINT('',(7.35,6.23,0.0200000000000222));
#3461=CARTESIAN_POINT('Origin',(6.35,6.23,0.0200000000000222));
#3462=CARTESIAN_POINT('',(6.85,6.23,0.0200000000000222));
#3463=CARTESIAN_POINT('Origin',(6.35,6.23,0.0200000000000222));
#3464=CARTESIAN_POINT('Origin',(6.35,6.23,0.290000000000022));
#3465=CARTESIAN_POINT('',(7.35,6.23,0.0300000000000222));
#3466=CARTESIAN_POINT('',(7.35,6.23,0.290000000000022));
#3467=CARTESIAN_POINT('Origin',(6.35,6.23,0.0300000000000222));
#3468=CARTESIAN_POINT('Origin',(-11.43,6.23,0.0200000000000177));
#3469=CARTESIAN_POINT('',(-10.43,6.23,0.0200000000000177));
#3470=CARTESIAN_POINT('Origin',(-11.43,6.23,0.0200000000000177));
#3471=CARTESIAN_POINT('',(-10.93,6.23,0.0200000000000177));
#3472=CARTESIAN_POINT('Origin',(-11.43,6.23,0.0200000000000177));
#3473=CARTESIAN_POINT('Origin',(-11.43,6.23,0.290000000000018));
#3474=CARTESIAN_POINT('',(-10.43,6.23,0.0300000000000177));
#3475=CARTESIAN_POINT('',(-10.43,6.23,0.290000000000018));
#3476=CARTESIAN_POINT('Origin',(-11.43,6.23,0.0300000000000177));
#3477=CARTESIAN_POINT('Origin',(-8.89,6.23,0.0200000000000177));
#3478=CARTESIAN_POINT('',(-7.89,6.23,0.0200000000000177));
#3479=CARTESIAN_POINT('Origin',(-8.89,6.23,0.0200000000000177));
#3480=CARTESIAN_POINT('',(-8.39,6.23,0.0200000000000177));
#3481=CARTESIAN_POINT('Origin',(-8.89,6.23,0.0200000000000177));
#3482=CARTESIAN_POINT('Origin',(-8.89,6.23,0.290000000000018));
#3483=CARTESIAN_POINT('',(-7.89,6.23,0.0300000000000177));
#3484=CARTESIAN_POINT('',(-7.89,6.23,0.290000000000018));
#3485=CARTESIAN_POINT('Origin',(-8.89,6.23,0.0300000000000177));
#3486=CARTESIAN_POINT('Origin',(-6.34999999999999,6.23,0.0200000000000099));
#3487=CARTESIAN_POINT('',(-5.34999999999999,6.23,0.0200000000000099));
#3488=CARTESIAN_POINT('Origin',(-6.34999999999999,6.23,0.0200000000000099));
#3489=CARTESIAN_POINT('',(-5.84999999999999,6.23,0.0200000000000099));
#3490=CARTESIAN_POINT('Origin',(-6.34999999999999,6.23,0.0200000000000099));
#3491=CARTESIAN_POINT('Origin',(-6.34999999999999,6.23,0.29000000000001));
#3492=CARTESIAN_POINT('',(-5.34999999999999,6.23,0.0300000000000099));
#3493=CARTESIAN_POINT('',(-5.34999999999999,6.23,0.29000000000001));
#3494=CARTESIAN_POINT('Origin',(-6.34999999999999,6.23,0.0300000000000099));
#3495=CARTESIAN_POINT('Origin',(-3.80999999999999,6.23,0.0200000000000099));
#3496=CARTESIAN_POINT('',(-2.80999999999999,6.23,0.0200000000000099));
#3497=CARTESIAN_POINT('Origin',(-3.80999999999999,6.23,0.0200000000000099));
#3498=CARTESIAN_POINT('',(-3.30999999999999,6.23,0.0200000000000099));
#3499=CARTESIAN_POINT('Origin',(-3.80999999999999,6.23,0.0200000000000099));
#3500=CARTESIAN_POINT('Origin',(-3.80999999999999,6.23,0.29000000000001));
#3501=CARTESIAN_POINT('',(-2.80999999999999,6.23,0.0300000000000099));
#3502=CARTESIAN_POINT('',(-2.80999999999999,6.23,0.29000000000001));
#3503=CARTESIAN_POINT('Origin',(-3.80999999999999,6.23,0.0300000000000099));
#3504=CARTESIAN_POINT('Origin',(-1.26999999999999,6.23,0.0200000000000144));
#3505=CARTESIAN_POINT('',(-0.269999999999994,6.23,0.0200000000000144));
#3506=CARTESIAN_POINT('Origin',(-1.26999999999999,6.23,0.0200000000000144));
#3507=CARTESIAN_POINT('',(-0.769999999999994,6.23,0.0200000000000144));
#3508=CARTESIAN_POINT('Origin',(-1.26999999999999,6.23,0.0200000000000144));
#3509=CARTESIAN_POINT('Origin',(-1.26999999999999,6.23,0.290000000000014));
#3510=CARTESIAN_POINT('',(-0.269999999999994,6.23,0.0300000000000144));
#3511=CARTESIAN_POINT('',(-0.269999999999994,6.23,0.290000000000014));
#3512=CARTESIAN_POINT('Origin',(-1.26999999999999,6.23,0.0300000000000144));
#3513=CARTESIAN_POINT('Origin',(1.27000000000001,6.23,0.0200000000000144));
#3514=CARTESIAN_POINT('',(2.27000000000001,6.23,0.0200000000000144));
#3515=CARTESIAN_POINT('Origin',(1.27000000000001,6.23,0.0200000000000144));
#3516=CARTESIAN_POINT('',(1.77000000000001,6.23,0.0200000000000144));
#3517=CARTESIAN_POINT('Origin',(1.27000000000001,6.23,0.0200000000000144));
#3518=CARTESIAN_POINT('Origin',(1.27000000000001,6.23,0.290000000000014));
#3519=CARTESIAN_POINT('',(2.27000000000001,6.23,0.0300000000000144));
#3520=CARTESIAN_POINT('',(2.27000000000001,6.23,0.290000000000014));
#3521=CARTESIAN_POINT('Origin',(1.27000000000001,6.23,0.0300000000000144));
#3522=CARTESIAN_POINT('Origin',(10.0291199027557,-4.76270616336674,1.63000000000003));
#3523=CARTESIAN_POINT('',(11.5291199027557,-4.76270616336674,1.62900000000003));
#3524=CARTESIAN_POINT('Origin',(10.0291199027557,-4.76270616336674,1.62900000000003));
#3525=CARTESIAN_POINT('',(11.5291199027557,-4.76270616336674,0.0310000000000266));
#3526=CARTESIAN_POINT('',(11.5291199027557,-4.76270616336674,1.63000000000003));
#3527=CARTESIAN_POINT('Origin',(10.0291199027557,-4.76270616336674,0.0310000000000263));
#3528=CARTESIAN_POINT('Origin',(-10.029,-4.76270616336674,1.63000000000003));
#3529=CARTESIAN_POINT('',(-8.529,-4.76270616336674,0.0310000000000263));
#3530=CARTESIAN_POINT('Origin',(-10.029,-4.76270616336674,0.0310000000000263));
#3531=CARTESIAN_POINT('',(-8.529,-4.76270616336674,1.62900000000003));
#3532=CARTESIAN_POINT('',(-8.529,-4.76270616336674,1.63000000000003));
#3533=CARTESIAN_POINT('Origin',(-10.029,-4.76270616336674,1.62900000000003));
#3534=CARTESIAN_POINT('Origin',(10.135,7.91757503857304E-31,0.0300000000000266));
#3535=CARTESIAN_POINT('',(12.7,-7.36,0.03));
#3536=CARTESIAN_POINT('',(-12.7,-7.36,0.03));
#3537=CARTESIAN_POINT('',(-1.27,-7.36,0.0300000000000266));
#3538=CARTESIAN_POINT('',(-12.7,7.45,0.0300000000000178));
#3539=CARTESIAN_POINT('',(-12.7,2.94044390810311,0.0300000000000177));
#3540=CARTESIAN_POINT('',(12.7,7.45,0.0300000000000267));
#3541=CARTESIAN_POINT('',(16.4725,7.45,0.0300000000000266));
#3542=CARTESIAN_POINT('',(12.7,-3.85,0.03));
#3543=CARTESIAN_POINT('',(-12.029,-4.76270616336674,0.0300000000000262));
#3544=CARTESIAN_POINT('Origin',(-10.029,-4.76270616336674,0.0300000000000266));
#3545=CARTESIAN_POINT('',(8.02911990275566,-4.76270616336674,0.0300000000000262));
#3546=CARTESIAN_POINT('Origin',(10.0291199027557,-4.76270616336674,0.0300000000000266));
#3547=CARTESIAN_POINT('',(-8.14999983459711,-1.70000020042062,0.0300000000000265));
#3548=CARTESIAN_POINT('Origin',(-7.39999983459711,-1.70000020042062,0.0300000000000266));
#3549=CARTESIAN_POINT('Origin',(12.7,5.88088781620622,0.830000000000027));
#3550=CARTESIAN_POINT('',(12.7,-7.36,0.415000000000013));
#3551=CARTESIAN_POINT('',(12.7,7.45,0.415000000000027));
#3552=CARTESIAN_POINT('Origin',(22.81,7.45,2.66453525910038E-14));
#3553=CARTESIAN_POINT('',(-12.7,7.45,0.415000000000022));
#3554=CARTESIAN_POINT('Origin',(-12.7,5.88088781620622,0.830000000000018));
#3555=CARTESIAN_POINT('',(-12.7,-7.36,0.415000000000009));
#3556=CARTESIAN_POINT('Origin',(-12.675,-7.36,0.));
#3557=CARTESIAN_POINT('Origin',(-7.39999983459711,-1.70000020042062,1.63000000000003));
#3558=CARTESIAN_POINT('',(-6.89999983459711,-1.70000020042062,1.62900000000003));
#3559=CARTESIAN_POINT('Origin',(-7.39999983459711,-1.70000020042062,1.62900000000003));
#3560=CARTESIAN_POINT('',(-6.89999983459711,-1.70000020042062,0.0310000000000266));
#3561=CARTESIAN_POINT('',(-6.89999983459711,-1.70000020042062,1.63000000000003));
#3562=CARTESIAN_POINT('Origin',(-7.39999983459711,-1.70000020042062,0.0310000000000266));
#3563=CARTESIAN_POINT('Origin',(-7.39999983459711,-1.70000020042062,1.62900000000003));
#3564=CARTESIAN_POINT('',(-6.64999983459711,-1.70000020042062,1.62900000000003));
#3565=CARTESIAN_POINT('Origin',(-7.39999983459711,-1.70000020042062,1.62900000000003));
#3566=CARTESIAN_POINT('Origin',(-7.39999983459711,-1.70000020042062,1.63000000000003));
#3567=CARTESIAN_POINT('',(-6.64999983459711,-1.70000020042062,1.63000000000003));
#3568=CARTESIAN_POINT('Origin',(-7.39999983459711,-1.70000020042062,0.0310000000000265));
#3569=CARTESIAN_POINT('',(-8.14999983459711,-1.70000020042062,0.0310000000000265));
#3570=CARTESIAN_POINT('Origin',(-7.39999983459711,-1.70000020042062,0.0310000000000265));
#3571=CARTESIAN_POINT('Origin',(-7.39999983459711,-1.70000020042062,0.0300000000000265));
#3572=CARTESIAN_POINT('',(-8.14999983459711,-1.70000020042062,0.0300000000000265));
#3573=CARTESIAN_POINT('Origin',(-10.029,-4.76270616336674,1.62900000000003));
#3574=CARTESIAN_POINT('',(-8.029,-4.76270616336674,1.62900000000003));
#3575=CARTESIAN_POINT('Origin',(-10.029,-4.76270616336674,1.62900000000003));
#3576=CARTESIAN_POINT('Origin',(-10.029,-4.76270616336674,1.63000000000003));
#3577=CARTESIAN_POINT('',(-8.029,-4.76270616336674,1.63000000000003));
#3578=CARTESIAN_POINT('Origin',(10.0291199027557,-4.76270616336674,1.62900000000003));
#3579=CARTESIAN_POINT('',(12.0291199027557,-4.76270616336674,1.62900000000003));
#3580=CARTESIAN_POINT('Origin',(10.0291199027557,-4.76270616336674,1.62900000000003));
#3581=CARTESIAN_POINT('Origin',(10.0291199027557,-4.76270616336674,1.63000000000003));
#3582=CARTESIAN_POINT('',(12.0291199027557,-4.76270616336674,1.63000000000003));
#3583=CARTESIAN_POINT('Origin',(10.0291199027557,-4.76270616336674,0.0310000000000262));
#3584=CARTESIAN_POINT('',(8.02911990275566,-4.76270616336674,0.0310000000000262));
#3585=CARTESIAN_POINT('Origin',(10.0291199027557,-4.76270616336674,0.0310000000000262));
#3586=CARTESIAN_POINT('Origin',(10.0291199027557,-4.76270616336674,0.0300000000000262));
#3587=CARTESIAN_POINT('',(8.02911990275566,-4.76270616336674,0.0300000000000262));
#3588=CARTESIAN_POINT('Origin',(-10.029,-4.76270616336674,0.0310000000000262));
#3589=CARTESIAN_POINT('',(-12.029,-4.76270616336674,0.0310000000000262));
#3590=CARTESIAN_POINT('Origin',(-10.029,-4.76270616336674,0.0310000000000262));
#3591=CARTESIAN_POINT('Origin',(-10.029,-4.76270616336674,0.0300000000000262));
#3592=CARTESIAN_POINT('',(-12.029,-4.76270616336674,0.0300000000000262));
#3593=CARTESIAN_POINT('Origin',(1.27000000000001,6.23,1.63000000000001));
#3594=CARTESIAN_POINT('',(1.77000000000001,6.23,1.64000000000001));
#3595=CARTESIAN_POINT('Origin',(1.27000000000001,6.23,1.64000000000001));
#3596=CARTESIAN_POINT('',(1.77000000000001,6.23,1.63000000000001));
#3597=CARTESIAN_POINT('Origin',(1.27000000000001,6.23,1.64000000000001));
#3598=CARTESIAN_POINT('',(2.27000000000001,6.23,1.64000000000001));
#3599=CARTESIAN_POINT('Origin',(1.27000000000001,6.23,1.64000000000001));
#3600=CARTESIAN_POINT('Origin',(1.27000000000001,6.23,1.53000000000001));
#3601=CARTESIAN_POINT('',(2.27000000000001,6.23,1.53000000000001));
#3602=CARTESIAN_POINT('Origin',(-3.80999999999999,6.23,1.63000000000001));
#3603=CARTESIAN_POINT('',(-3.30999999999999,6.23,1.64000000000001));
#3604=CARTESIAN_POINT('Origin',(-3.80999999999999,6.23,1.64000000000001));
#3605=CARTESIAN_POINT('',(-3.30999999999999,6.23,1.63000000000001));
#3606=CARTESIAN_POINT('Origin',(-3.80999999999999,6.23,1.64000000000001));
#3607=CARTESIAN_POINT('',(-2.80999999999999,6.23,1.64000000000001));
#3608=CARTESIAN_POINT('Origin',(-3.80999999999999,6.23,1.64000000000001));
#3609=CARTESIAN_POINT('Origin',(-3.80999999999999,6.23,1.53000000000001));
#3610=CARTESIAN_POINT('',(-2.80999999999999,6.23,1.53000000000001));
#3611=CARTESIAN_POINT('Origin',(-8.89,6.23,1.63000000000002));
#3612=CARTESIAN_POINT('',(-8.39,6.23,1.64000000000002));
#3613=CARTESIAN_POINT('Origin',(-8.89,6.23,1.64000000000002));
#3614=CARTESIAN_POINT('',(-8.39,6.23,1.63000000000002));
#3615=CARTESIAN_POINT('Origin',(-8.89,6.23,1.64000000000002));
#3616=CARTESIAN_POINT('',(-7.89,6.23,1.64000000000002));
#3617=CARTESIAN_POINT('Origin',(-8.89,6.23,1.64000000000002));
#3618=CARTESIAN_POINT('Origin',(-8.89,6.23,1.53000000000002));
#3619=CARTESIAN_POINT('',(-7.89,6.23,1.53000000000002));
#3620=CARTESIAN_POINT('Origin',(6.35,6.23,1.63000000000002));
#3621=CARTESIAN_POINT('',(6.85,6.23,1.64000000000002));
#3622=CARTESIAN_POINT('Origin',(6.35,6.23,1.64000000000002));
#3623=CARTESIAN_POINT('',(6.85,6.23,1.63000000000002));
#3624=CARTESIAN_POINT('Origin',(6.35,6.23,1.64000000000002));
#3625=CARTESIAN_POINT('',(7.35,6.23,1.64000000000002));
#3626=CARTESIAN_POINT('Origin',(6.35,6.23,1.64000000000002));
#3627=CARTESIAN_POINT('Origin',(6.35,6.23,1.53000000000002));
#3628=CARTESIAN_POINT('',(7.35,6.23,1.53000000000002));
#3629=CARTESIAN_POINT('Origin',(11.43,6.23,1.63000000000003));
#3630=CARTESIAN_POINT('',(11.93,6.23,1.64000000000003));
#3631=CARTESIAN_POINT('Origin',(11.43,6.23,1.64000000000003));
#3632=CARTESIAN_POINT('',(11.93,6.23,1.63000000000003));
#3633=CARTESIAN_POINT('Origin',(11.43,6.23,1.64000000000003));
#3634=CARTESIAN_POINT('',(12.43,6.23,1.64000000000003));
#3635=CARTESIAN_POINT('Origin',(11.43,6.23,1.64000000000003));
#3636=CARTESIAN_POINT('Origin',(11.43,6.23,1.53000000000003));
#3637=CARTESIAN_POINT('',(12.43,6.23,1.53000000000003));
#3638=CARTESIAN_POINT('Origin',(8.89000000000001,6.23,1.63000000000003));
#3639=CARTESIAN_POINT('',(9.39000000000001,6.23,1.64000000000003));
#3640=CARTESIAN_POINT('Origin',(8.89000000000001,6.23,1.64000000000003));
#3641=CARTESIAN_POINT('',(9.39,6.23,1.63000000000003));
#3642=CARTESIAN_POINT('Origin',(8.89000000000001,6.23,1.64000000000003));
#3643=CARTESIAN_POINT('',(9.89000000000001,6.23,1.64000000000003));
#3644=CARTESIAN_POINT('Origin',(8.89000000000001,6.23,1.64000000000003));
#3645=CARTESIAN_POINT('Origin',(8.89000000000001,6.23,1.53000000000003));
#3646=CARTESIAN_POINT('',(9.89000000000001,6.23,1.53000000000003));
#3647=CARTESIAN_POINT('Origin',(3.81,6.23,1.63000000000002));
#3648=CARTESIAN_POINT('',(4.31,6.23,1.64000000000002));
#3649=CARTESIAN_POINT('Origin',(3.81,6.23,1.64000000000002));
#3650=CARTESIAN_POINT('',(4.31,6.23,1.63000000000002));
#3651=CARTESIAN_POINT('Origin',(3.81,6.23,1.64000000000002));
#3652=CARTESIAN_POINT('',(4.81,6.23,1.64000000000002));
#3653=CARTESIAN_POINT('Origin',(3.81,6.23,1.64000000000002));
#3654=CARTESIAN_POINT('Origin',(3.81,6.23,1.53000000000002));
#3655=CARTESIAN_POINT('',(4.81,6.23,1.53000000000002));
#3656=CARTESIAN_POINT('Origin',(-11.43,6.23,1.63000000000002));
#3657=CARTESIAN_POINT('',(-10.93,6.23,1.64000000000002));
#3658=CARTESIAN_POINT('Origin',(-11.43,6.23,1.64000000000002));
#3659=CARTESIAN_POINT('',(-10.93,6.23,1.63000000000002));
#3660=CARTESIAN_POINT('Origin',(-11.43,6.23,1.64000000000002));
#3661=CARTESIAN_POINT('',(-10.43,6.23,1.64000000000002));
#3662=CARTESIAN_POINT('Origin',(-11.43,6.23,1.64000000000002));
#3663=CARTESIAN_POINT('Origin',(-11.43,6.23,1.53000000000002));
#3664=CARTESIAN_POINT('',(-10.43,6.23,1.53000000000002));
#3665=CARTESIAN_POINT('Origin',(-6.34999999999999,6.23,1.63000000000001));
#3666=CARTESIAN_POINT('',(-5.84999999999999,6.23,1.64000000000001));
#3667=CARTESIAN_POINT('Origin',(-6.34999999999999,6.23,1.64000000000001));
#3668=CARTESIAN_POINT('',(-5.85,6.23,1.63000000000001));
#3669=CARTESIAN_POINT('Origin',(-6.34999999999999,6.23,1.64000000000001));
#3670=CARTESIAN_POINT('',(-5.34999999999999,6.23,1.64000000000001));
#3671=CARTESIAN_POINT('Origin',(-6.34999999999999,6.23,1.64000000000001));
#3672=CARTESIAN_POINT('Origin',(-6.34999999999999,6.23,1.53000000000001));
#3673=CARTESIAN_POINT('',(-5.34999999999999,6.23,1.53000000000001));
#3674=CARTESIAN_POINT('Origin',(-1.26999999999999,6.23,1.63000000000001));
#3675=CARTESIAN_POINT('',(-0.769999999999994,6.23,1.64000000000001));
#3676=CARTESIAN_POINT('Origin',(-1.26999999999999,6.23,1.64000000000001));
#3677=CARTESIAN_POINT('',(-0.769999999999995,6.23,1.63000000000001));
#3678=CARTESIAN_POINT('Origin',(-1.26999999999999,6.23,1.64000000000001));
#3679=CARTESIAN_POINT('',(-0.269999999999994,6.23,1.64000000000001));
#3680=CARTESIAN_POINT('Origin',(-1.26999999999999,6.23,1.64000000000001));
#3681=CARTESIAN_POINT('Origin',(-1.26999999999999,6.23,1.53000000000001));
#3682=CARTESIAN_POINT('',(-0.269999999999994,6.23,1.53000000000001));
#3683=CARTESIAN_POINT('Origin',(-3.70000025033952,0.42499977052211,2.23000000000003));
#3684=CARTESIAN_POINT('',(-3.30000025033952,-0.40000022947789,2.23000000000003));
#3685=CARTESIAN_POINT('',(-4.10000025033952,-0.40000022947789,2.23000000000003));
#3686=CARTESIAN_POINT('',(-3.90000025033952,-0.40000022947789,2.23000000000003));
#3687=CARTESIAN_POINT('',(-3.30000025033952,1.24999977052211,2.23000000000003));
#3688=CARTESIAN_POINT('',(-3.30000025033952,0.0124997705221096,2.23000000000003));
#3689=CARTESIAN_POINT('',(-4.10000025033952,1.24999977052211,2.23000000000003));
#3690=CARTESIAN_POINT('',(-3.50000025033952,1.24999977052211,2.23000000000003));
#3691=CARTESIAN_POINT('',(-4.10000025033952,0.83749977052211,2.23000000000003));
#3692=CARTESIAN_POINT('Origin',(-3.30000025033952,-0.40000022947789,1.63000000000003));
#3693=CARTESIAN_POINT('',(-3.30000025033952,-0.40000022947789,1.63000000000003));
#3694=CARTESIAN_POINT('',(-3.30000025033952,-0.40000022947789,1.63000000000003));
#3695=CARTESIAN_POINT('',(-3.30000025033952,1.24999977052211,1.63000000000003));
#3696=CARTESIAN_POINT('',(-3.30000025033952,-0.200000114738945,1.63000000000003));
#3697=CARTESIAN_POINT('',(-3.30000025033952,1.24999977052211,1.63000000000003));
#3698=CARTESIAN_POINT('Origin',(-4.10000025033952,-0.40000022947789,1.63000000000003));
#3699=CARTESIAN_POINT('',(-4.10000025033952,-0.40000022947789,1.63000000000003));
#3700=CARTESIAN_POINT('',(-4.10000025033952,-0.40000022947789,1.63000000000003));
#3701=CARTESIAN_POINT('',(3.01749987483024,-0.40000022947789,1.63000000000003));
#3702=CARTESIAN_POINT('Origin',(3.33066907387547E-15,0.0449999999999995,
1.63000000000003));
#3703=CARTESIAN_POINT('',(-4.10000025033952,1.24999977052211,1.63000000000003));
#3704=CARTESIAN_POINT('',(-4.10000025033952,0.624999885261055,1.63000000000003));
#3705=CARTESIAN_POINT('',(3.41749987483024,1.24999977052211,1.63000000000003));
#3706=CARTESIAN_POINT('Origin',(-4.10000025033952,1.24999977052211,1.63000000000003));
#3707=CARTESIAN_POINT('',(-4.10000025033952,1.24999977052211,1.63000000000003));
#3708=CARTESIAN_POINT('Origin',(-3.30000025033952,1.24999977052211,1.63000000000003));
#3709=CARTESIAN_POINT('Origin',(5.39999974966049,0.424999770522111,2.23000000000003));
#3710=CARTESIAN_POINT('',(5.79999974966049,1.24999977052211,2.23000000000003));
#3711=CARTESIAN_POINT('',(5.79999974966049,-0.400000229477889,2.23000000000003));
#3712=CARTESIAN_POINT('',(5.79999974966049,0.0124997705221108,2.23000000000003));
#3713=CARTESIAN_POINT('',(4.99999974966049,1.24999977052211,2.23000000000003));
#3714=CARTESIAN_POINT('',(5.59999974966049,1.24999977052211,2.23000000000003));
#3715=CARTESIAN_POINT('',(4.99999974966049,-0.400000229477889,2.23000000000003));
#3716=CARTESIAN_POINT('',(4.99999974966049,0.837499770522111,2.23000000000003));
#3717=CARTESIAN_POINT('',(5.19999974966049,-0.400000229477889,2.23000000000003));
#3718=CARTESIAN_POINT('Origin',(5.79999974966049,1.24999977052211,1.63000000000003));
#3719=CARTESIAN_POINT('',(5.79999974966049,1.24999977052211,1.63000000000003));
#3720=CARTESIAN_POINT('',(5.79999974966049,1.24999977052211,1.63000000000003));
#3721=CARTESIAN_POINT('',(4.99999974966049,1.24999977052211,1.63000000000003));
#3722=CARTESIAN_POINT('',(7.96749987483025,1.24999977052211,1.63000000000003));
#3723=CARTESIAN_POINT('',(4.99999974966049,1.24999977052211,1.63000000000003));
#3724=CARTESIAN_POINT('Origin',(5.79999974966049,-0.400000229477889,1.63000000000003));
#3725=CARTESIAN_POINT('',(5.79999974966049,-0.400000229477889,1.63000000000003));
#3726=CARTESIAN_POINT('',(5.79999974966049,-0.400000229477889,1.63000000000003));
#3727=CARTESIAN_POINT('',(5.79999974966049,-0.200000114738945,1.63000000000003));
#3728=CARTESIAN_POINT('Origin',(3.33066907387547E-15,0.0449999999999995,
1.63000000000003));
#3729=CARTESIAN_POINT('',(4.99999974966049,-0.400000229477889,1.63000000000003));
#3730=CARTESIAN_POINT('',(7.56749987483025,-0.400000229477889,1.63000000000003));
#3731=CARTESIAN_POINT('',(4.99999974966049,0.624999885261055,1.63000000000003));
#3732=CARTESIAN_POINT('Origin',(4.99999974966049,-0.400000229477889,1.63000000000003));
#3733=CARTESIAN_POINT('',(4.99999974966049,-0.400000229477889,1.63000000000003));
#3734=CARTESIAN_POINT('Origin',(4.99999974966049,1.24999977052211,1.63000000000003));
#3735=CARTESIAN_POINT('Origin',(3.59999974966049,0.424999770522111,2.23000000000003));
#3736=CARTESIAN_POINT('',(3.19999974966049,-0.400000229477889,2.23000000000003));
#3737=CARTESIAN_POINT('',(3.19999974966049,1.24999977052211,2.23000000000003));
#3738=CARTESIAN_POINT('',(3.19999974966049,0.837499770522111,2.23000000000003));
#3739=CARTESIAN_POINT('',(3.99999974966049,-0.400000229477889,2.23000000000003));
#3740=CARTESIAN_POINT('',(3.39999974966049,-0.400000229477889,2.23000000000003));
#3741=CARTESIAN_POINT('',(3.99999974966049,1.24999977052211,2.23000000000003));
#3742=CARTESIAN_POINT('',(3.99999974966049,0.0124997705221107,2.23000000000003));
#3743=CARTESIAN_POINT('',(3.79999974966049,1.24999977052211,2.23000000000003));
#3744=CARTESIAN_POINT('Origin',(3.19999974966049,-0.400000229477889,1.63000000000003));
#3745=CARTESIAN_POINT('',(3.19999974966049,-0.400000229477889,1.63000000000003));
#3746=CARTESIAN_POINT('',(3.19999974966049,-0.400000229477889,1.63000000000003));
#3747=CARTESIAN_POINT('',(3.99999974966049,-0.400000229477889,1.63000000000003));
#3748=CARTESIAN_POINT('',(6.66749987483024,-0.400000229477889,1.63000000000003));
#3749=CARTESIAN_POINT('',(3.99999974966049,-0.400000229477889,1.63000000000003));
#3750=CARTESIAN_POINT('Origin',(3.19999974966049,1.24999977052211,1.63000000000003));
#3751=CARTESIAN_POINT('',(3.19999974966049,1.24999977052211,1.63000000000003));
#3752=CARTESIAN_POINT('',(3.19999974966049,1.24999977052211,1.63000000000003));
#3753=CARTESIAN_POINT('',(3.19999974966048,0.624999885261055,1.63000000000003));
#3754=CARTESIAN_POINT('Origin',(3.33066907387547E-15,0.0449999999999995,
1.63000000000003));
#3755=CARTESIAN_POINT('',(3.99999974966049,1.24999977052211,1.63000000000003));
#3756=CARTESIAN_POINT('',(7.06749987483025,1.24999977052211,1.63000000000003));
#3757=CARTESIAN_POINT('',(3.99999974966049,-0.200000114738945,1.63000000000003));
#3758=CARTESIAN_POINT('Origin',(3.99999974966049,1.24999977052211,1.63000000000003));
#3759=CARTESIAN_POINT('',(3.99999974966049,1.24999977052211,1.63000000000003));
#3760=CARTESIAN_POINT('Origin',(3.99999974966049,-0.400000229477889,1.63000000000003));
#3761=CARTESIAN_POINT('Origin',(7.19999974966049,0.424999770522111,2.23000000000003));
#3762=CARTESIAN_POINT('',(7.59999974966049,-0.400000229477889,2.23000000000003));
#3763=CARTESIAN_POINT('',(6.79999974966049,-0.400000229477889,2.23000000000003));
#3764=CARTESIAN_POINT('',(6.99999974966049,-0.400000229477889,2.23000000000003));
#3765=CARTESIAN_POINT('',(7.59999974966049,1.24999977052211,2.23000000000003));
#3766=CARTESIAN_POINT('',(7.59999974966049,0.0124997705221107,2.23000000000003));
#3767=CARTESIAN_POINT('',(6.79999974966049,1.24999977052211,2.23000000000003));
#3768=CARTESIAN_POINT('',(7.39999974966049,1.24999977052211,2.23000000000003));
#3769=CARTESIAN_POINT('',(6.79999974966049,0.837499770522111,2.23000000000003));
#3770=CARTESIAN_POINT('Origin',(7.59999974966049,-0.400000229477889,1.63000000000003));
#3771=CARTESIAN_POINT('',(7.59999974966049,-0.400000229477889,1.63000000000003));
#3772=CARTESIAN_POINT('',(7.59999974966049,-0.400000229477889,1.63000000000003));
#3773=CARTESIAN_POINT('',(7.59999974966049,1.24999977052211,1.63000000000003));
#3774=CARTESIAN_POINT('',(7.59999974966049,-0.200000114738945,1.63000000000003));
#3775=CARTESIAN_POINT('',(7.59999974966049,1.24999977052211,1.63000000000003));
#3776=CARTESIAN_POINT('Origin',(6.79999974966049,-0.400000229477889,1.63000000000003));
#3777=CARTESIAN_POINT('',(6.79999974966049,-0.400000229477889,1.63000000000003));
#3778=CARTESIAN_POINT('',(6.79999974966049,-0.400000229477889,1.63000000000003));
#3779=CARTESIAN_POINT('',(8.46749987483025,-0.400000229477889,1.63000000000003));
#3780=CARTESIAN_POINT('Origin',(3.33066907387547E-15,0.0449999999999995,
1.63000000000003));
#3781=CARTESIAN_POINT('',(6.79999974966049,1.24999977052211,1.63000000000003));
#3782=CARTESIAN_POINT('',(6.79999974966049,0.624999885261055,1.63000000000003));
#3783=CARTESIAN_POINT('',(8.86749987483025,1.24999977052211,1.63000000000003));
#3784=CARTESIAN_POINT('Origin',(6.79999974966049,1.24999977052211,1.63000000000003));
#3785=CARTESIAN_POINT('',(6.79999974966049,1.24999977052211,1.63000000000003));
#3786=CARTESIAN_POINT('Origin',(7.59999974966049,1.24999977052211,1.63000000000003));
#3787=CARTESIAN_POINT('Origin',(-9.10000025033952,0.42499977052211,2.23000000000003));
#3788=CARTESIAN_POINT('',(-8.70000025033952,-0.40000022947789,2.23000000000003));
#3789=CARTESIAN_POINT('',(-9.50000025033952,-0.40000022947789,2.23000000000003));
#3790=CARTESIAN_POINT('',(-9.30000025033952,-0.40000022947789,2.23000000000003));
#3791=CARTESIAN_POINT('',(-8.70000025033952,1.24999977052211,2.23000000000003));
#3792=CARTESIAN_POINT('',(-8.70000025033952,0.0124997705221096,2.23000000000003));
#3793=CARTESIAN_POINT('',(-9.50000025033952,1.24999977052211,2.23000000000003));
#3794=CARTESIAN_POINT('',(-8.90000025033952,1.24999977052211,2.23000000000003));
#3795=CARTESIAN_POINT('',(-9.50000025033952,0.83749977052211,2.23000000000003));
#3796=CARTESIAN_POINT('Origin',(-8.70000025033952,-0.40000022947789,1.63000000000003));
#3797=CARTESIAN_POINT('',(-8.70000025033952,-0.40000022947789,1.63000000000003));
#3798=CARTESIAN_POINT('',(-8.70000025033952,-0.40000022947789,1.63000000000003));
#3799=CARTESIAN_POINT('',(-8.70000025033952,1.24999977052211,1.63000000000003));
#3800=CARTESIAN_POINT('',(-8.70000025033952,-0.200000114738945,1.63000000000003));
#3801=CARTESIAN_POINT('',(-8.70000025033952,1.24999977052211,1.63000000000003));
#3802=CARTESIAN_POINT('Origin',(-9.50000025033952,-0.40000022947789,1.63000000000003));
#3803=CARTESIAN_POINT('',(-9.50000025033952,-0.40000022947789,1.63000000000003));
#3804=CARTESIAN_POINT('',(-9.50000025033952,-0.40000022947789,1.63000000000003));
#3805=CARTESIAN_POINT('',(0.317499874830242,-0.40000022947789,1.63000000000003));
#3806=CARTESIAN_POINT('Origin',(3.33066907387547E-15,0.0449999999999995,
1.63000000000003));
#3807=CARTESIAN_POINT('',(-9.50000025033952,1.24999977052211,1.63000000000003));
#3808=CARTESIAN_POINT('',(-9.50000025033952,0.624999885261055,1.63000000000003));
#3809=CARTESIAN_POINT('',(0.717499874830242,1.24999977052211,1.63000000000003));
#3810=CARTESIAN_POINT('Origin',(-9.50000025033952,1.24999977052211,1.63000000000003));
#3811=CARTESIAN_POINT('',(-9.50000025033952,1.24999977052211,1.63000000000003));
#3812=CARTESIAN_POINT('Origin',(-8.70000025033952,1.24999977052211,1.63000000000003));
#3813=CARTESIAN_POINT('Origin',(-5.50000025033952,0.42499977052211,2.23000000000003));
#3814=CARTESIAN_POINT('',(-5.10000025033952,-0.40000022947789,2.23000000000003));
#3815=CARTESIAN_POINT('',(-5.90000025033952,-0.40000022947789,2.23000000000003));
#3816=CARTESIAN_POINT('',(-5.70000025033952,-0.40000022947789,2.23000000000003));
#3817=CARTESIAN_POINT('',(-5.10000025033952,1.24999977052211,2.23000000000003));
#3818=CARTESIAN_POINT('',(-5.10000025033952,0.0124997705221096,2.23000000000003));
#3819=CARTESIAN_POINT('',(-5.90000025033952,1.24999977052211,2.23000000000003));
#3820=CARTESIAN_POINT('',(-5.30000025033952,1.24999977052211,2.23000000000003));
#3821=CARTESIAN_POINT('',(-5.90000025033952,0.83749977052211,2.23000000000003));
#3822=CARTESIAN_POINT('Origin',(-5.10000025033952,-0.40000022947789,1.63000000000003));
#3823=CARTESIAN_POINT('',(-5.10000025033952,-0.40000022947789,1.63000000000003));
#3824=CARTESIAN_POINT('',(-5.10000025033952,-0.40000022947789,1.63000000000003));
#3825=CARTESIAN_POINT('',(-5.10000025033952,1.24999977052211,1.63000000000003));
#3826=CARTESIAN_POINT('',(-5.10000025033952,-0.200000114738945,1.63000000000003));
#3827=CARTESIAN_POINT('',(-5.10000025033952,1.24999977052211,1.63000000000003));
#3828=CARTESIAN_POINT('Origin',(-5.90000025033952,-0.40000022947789,1.63000000000003));
#3829=CARTESIAN_POINT('',(-5.90000025033952,-0.40000022947789,1.63000000000003));
#3830=CARTESIAN_POINT('',(-5.90000025033952,-0.40000022947789,1.63000000000003));
#3831=CARTESIAN_POINT('',(2.11749987483024,-0.40000022947789,1.63000000000003));
#3832=CARTESIAN_POINT('Origin',(3.33066907387547E-15,0.0449999999999995,
1.63000000000003));
#3833=CARTESIAN_POINT('',(-5.90000025033952,1.24999977052211,1.63000000000003));
#3834=CARTESIAN_POINT('',(-5.90000025033952,0.624999885261055,1.63000000000003));
#3835=CARTESIAN_POINT('',(2.51749987483024,1.24999977052211,1.63000000000003));
#3836=CARTESIAN_POINT('Origin',(-5.90000025033952,1.24999977052211,1.63000000000003));
#3837=CARTESIAN_POINT('',(-5.90000025033952,1.24999977052211,1.63000000000003));
#3838=CARTESIAN_POINT('Origin',(-5.10000025033952,1.24999977052211,1.63000000000003));
#3839=CARTESIAN_POINT('Origin',(10.7999997496605,0.424999770522111,2.23000000000003));
#3840=CARTESIAN_POINT('',(10.3999997496605,1.24999977052211,2.23000000000003));
#3841=CARTESIAN_POINT('',(11.1999997496605,1.24999977052211,2.23000000000003));
#3842=CARTESIAN_POINT('',(10.9999997496605,1.24999977052211,2.23000000000003));
#3843=CARTESIAN_POINT('',(10.3999997496605,-0.400000229477889,2.23000000000003));
#3844=CARTESIAN_POINT('',(10.3999997496605,0.837499770522111,2.23000000000003));
#3845=CARTESIAN_POINT('',(11.1999997496605,-0.400000229477889,2.23000000000003));
#3846=CARTESIAN_POINT('',(10.5999997496605,-0.400000229477889,2.23000000000003));
#3847=CARTESIAN_POINT('',(11.1999997496605,0.0124997705221108,2.23000000000003));
#3848=CARTESIAN_POINT('Origin',(10.3999997496605,1.24999977052211,1.63000000000003));
#3849=CARTESIAN_POINT('',(10.3999997496605,1.24999977052211,1.63000000000003));
#3850=CARTESIAN_POINT('',(10.3999997496605,1.24999977052211,1.63000000000003));
#3851=CARTESIAN_POINT('',(10.3999997496605,-0.400000229477889,1.63000000000003));
#3852=CARTESIAN_POINT('',(10.3999997496605,0.624999885261055,1.63000000000003));
#3853=CARTESIAN_POINT('',(10.3999997496605,-0.400000229477889,1.63000000000003));
#3854=CARTESIAN_POINT('Origin',(11.1999997496605,1.24999977052211,1.63000000000003));
#3855=CARTESIAN_POINT('',(11.1999997496605,1.24999977052211,1.63000000000003));
#3856=CARTESIAN_POINT('',(11.1999997496605,1.24999977052211,1.63000000000003));
#3857=CARTESIAN_POINT('',(10.6674998748302,1.24999977052211,1.63000000000003));
#3858=CARTESIAN_POINT('Origin',(3.33066907387547E-15,0.0449999999999995,
1.63000000000003));
#3859=CARTESIAN_POINT('',(11.1999997496605,-0.400000229477889,1.63000000000003));
#3860=CARTESIAN_POINT('',(11.1999997496605,-0.200000114738945,1.63000000000003));
#3861=CARTESIAN_POINT('',(10.2674998748302,-0.400000229477889,1.63000000000003));
#3862=CARTESIAN_POINT('Origin',(11.1999997496605,-0.400000229477889,1.63000000000003));
#3863=CARTESIAN_POINT('',(11.1999997496605,-0.400000229477889,1.63000000000003));
#3864=CARTESIAN_POINT('Origin',(10.3999997496605,-0.400000229477889,1.63000000000003));
#3865=CARTESIAN_POINT('Origin',(-0.0999999776482585,0.799999761581414,2.23000000000003));
#3866=CARTESIAN_POINT('',(-1.59999997764826,1.59999976158141,2.23000000000003));
#3867=CARTESIAN_POINT('',(1.40000002235174,1.59999976158141,2.23000000000003));
#3868=CARTESIAN_POINT('',(0.650000022351742,1.59999976158141,2.23000000000003));
#3869=CARTESIAN_POINT('',(-1.59999997764826,-2.38418585984945E-7,2.23000000000003));
#3870=CARTESIAN_POINT('',(-1.59999997764826,1.19999976158141,2.23000000000003));
#3871=CARTESIAN_POINT('',(1.40000002235174,-2.38418585984945E-7,2.23000000000003));
#3872=CARTESIAN_POINT('',(-0.849999977648259,-2.38418585984945E-7,2.23000000000003));
#3873=CARTESIAN_POINT('',(1.40000002235174,0.399999761581414,2.23000000000003));
#3874=CARTESIAN_POINT('Origin',(-1.59999997764826,1.59999976158141,1.63000000000003));
#3875=CARTESIAN_POINT('',(-1.59999997764826,1.59999976158141,1.63000000000003));
#3876=CARTESIAN_POINT('',(-1.59999997764826,1.59999976158141,1.63000000000003));
#3877=CARTESIAN_POINT('',(-1.59999997764826,-2.38418585984945E-7,1.63000000000003));
#3878=CARTESIAN_POINT('',(-1.59999997764826,0.799999880790707,1.63000000000003));
#3879=CARTESIAN_POINT('',(-1.59999997764826,-2.38418585984945E-7,1.63000000000003));
#3880=CARTESIAN_POINT('Origin',(1.40000002235174,1.59999976158141,1.63000000000003));
#3881=CARTESIAN_POINT('',(1.40000002235174,1.59999976158141,1.63000000000003));
#3882=CARTESIAN_POINT('',(1.40000002235174,1.59999976158141,1.63000000000003));
#3883=CARTESIAN_POINT('',(5.76750001117587,1.59999976158141,1.63000000000003));
#3884=CARTESIAN_POINT('Origin',(3.33066907387547E-15,0.0449999999999995,
1.63000000000003));
#3885=CARTESIAN_POINT('',(1.40000002235174,-2.38418585984945E-7,1.63000000000003));
#3886=CARTESIAN_POINT('',(1.40000002235174,-1.19209292992473E-7,1.63000000000003));
#3887=CARTESIAN_POINT('',(4.26750001117587,-2.38418585984945E-7,1.63000000000003));
#3888=CARTESIAN_POINT('Origin',(1.40000002235174,-2.38418585984945E-7,1.63000000000003));
#3889=CARTESIAN_POINT('',(1.40000002235174,-2.38418585984945E-7,1.63000000000003));
#3890=CARTESIAN_POINT('Origin',(-1.59999997764826,-2.38418585984945E-7,
1.63000000000003));
#3891=CARTESIAN_POINT('Origin',(8.99999974966049,0.424999770522111,2.23000000000003));
#3892=CARTESIAN_POINT('',(8.59999974966049,-0.400000229477889,2.23000000000003));
#3893=CARTESIAN_POINT('',(8.59999974966049,1.24999977052211,2.23000000000003));
#3894=CARTESIAN_POINT('',(8.59999974966049,0.837499770522111,2.23000000000003));
#3895=CARTESIAN_POINT('',(9.39999974966049,-0.400000229477889,2.23000000000003));
#3896=CARTESIAN_POINT('',(8.79999974966049,-0.400000229477889,2.23000000000003));
#3897=CARTESIAN_POINT('',(9.39999974966049,1.24999977052211,2.23000000000003));
#3898=CARTESIAN_POINT('',(9.39999974966049,0.0124997705221107,2.23000000000003));
#3899=CARTESIAN_POINT('',(9.19999974966049,1.24999977052211,2.23000000000003));
#3900=CARTESIAN_POINT('Origin',(8.59999974966049,-0.400000229477889,1.63000000000003));
#3901=CARTESIAN_POINT('',(8.59999974966049,-0.400000229477889,1.63000000000003));
#3902=CARTESIAN_POINT('',(8.59999974966049,-0.400000229477889,1.63000000000003));
#3903=CARTESIAN_POINT('',(9.39999974966049,-0.400000229477889,1.63000000000003));
#3904=CARTESIAN_POINT('',(9.36749987483025,-0.400000229477889,1.63000000000003));
#3905=CARTESIAN_POINT('',(9.39999974966049,-0.400000229477889,1.63000000000003));
#3906=CARTESIAN_POINT('Origin',(8.59999974966049,1.24999977052211,1.63000000000003));
#3907=CARTESIAN_POINT('',(8.59999974966049,1.24999977052211,1.63000000000003));
#3908=CARTESIAN_POINT('',(8.59999974966049,1.24999977052211,1.63000000000003));
#3909=CARTESIAN_POINT('',(8.59999974966049,0.624999885261055,1.63000000000003));
#3910=CARTESIAN_POINT('Origin',(3.33066907387547E-15,0.0449999999999995,
1.63000000000003));
#3911=CARTESIAN_POINT('',(9.39999974966049,1.24999977052211,1.63000000000003));
#3912=CARTESIAN_POINT('',(9.76749987483025,1.24999977052211,1.63000000000003));
#3913=CARTESIAN_POINT('',(9.39999974966049,-0.200000114738945,1.63000000000003));
#3914=CARTESIAN_POINT('Origin',(9.39999974966049,1.24999977052211,1.63000000000003));
#3915=CARTESIAN_POINT('',(9.39999974966049,1.24999977052211,1.63000000000003));
#3916=CARTESIAN_POINT('Origin',(9.39999974966049,-0.400000229477889,1.63000000000003));
#3917=CARTESIAN_POINT('Origin',(-7.30000025033952,0.42499977052211,2.23000000000003));
#3918=CARTESIAN_POINT('',(-6.90000025033952,-0.40000022947789,2.23000000000003));
#3919=CARTESIAN_POINT('',(-7.70000025033952,-0.40000022947789,2.23000000000003));
#3920=CARTESIAN_POINT('',(-7.50000025033952,-0.40000022947789,2.23000000000003));
#3921=CARTESIAN_POINT('',(-6.90000025033952,1.24999977052211,2.23000000000003));
#3922=CARTESIAN_POINT('',(-6.90000025033952,0.0124997705221096,2.23000000000003));
#3923=CARTESIAN_POINT('',(-7.70000025033952,1.24999977052211,2.23000000000003));
#3924=CARTESIAN_POINT('',(-7.10000025033952,1.24999977052211,2.23000000000003));
#3925=CARTESIAN_POINT('',(-7.70000025033952,0.83749977052211,2.23000000000003));
#3926=CARTESIAN_POINT('Origin',(-6.90000025033952,-0.40000022947789,1.63000000000003));
#3927=CARTESIAN_POINT('',(-6.90000025033952,-0.40000022947789,1.63000000000003));
#3928=CARTESIAN_POINT('',(-6.90000025033952,-0.40000022947789,1.63000000000003));
#3929=CARTESIAN_POINT('',(-6.90000025033952,1.24999977052211,1.63000000000003));
#3930=CARTESIAN_POINT('',(-6.90000025033952,-0.200000114738945,1.63000000000003));
#3931=CARTESIAN_POINT('',(-6.90000025033952,1.24999977052211,1.63000000000003));
#3932=CARTESIAN_POINT('Origin',(-7.70000025033952,-0.40000022947789,1.63000000000003));
#3933=CARTESIAN_POINT('',(-7.70000025033952,-0.40000022947789,1.63000000000003));
#3934=CARTESIAN_POINT('',(-7.70000025033952,-0.40000022947789,1.63000000000003));
#3935=CARTESIAN_POINT('',(1.21749987483024,-0.40000022947789,1.63000000000003));
#3936=CARTESIAN_POINT('Origin',(3.33066907387547E-15,0.0449999999999995,
1.63000000000003));
#3937=CARTESIAN_POINT('',(-7.70000025033952,1.24999977052211,1.63000000000003));
#3938=CARTESIAN_POINT('',(-7.70000025033952,0.624999885261055,1.63000000000003));
#3939=CARTESIAN_POINT('',(1.61749987483024,1.24999977052211,1.63000000000003));
#3940=CARTESIAN_POINT('Origin',(-7.70000025033952,1.24999977052211,1.63000000000003));
#3941=CARTESIAN_POINT('',(-7.70000025033952,1.24999977052211,1.63000000000003));
#3942=CARTESIAN_POINT('Origin',(-6.90000025033952,1.24999977052211,1.63000000000003));
#3943=CARTESIAN_POINT('Origin',(-10.9000002503395,0.42499977052211,2.23000000000003));
#3944=CARTESIAN_POINT('',(-11.3000002503395,-0.40000022947789,2.23000000000003));
#3945=CARTESIAN_POINT('',(-11.3000002503395,1.24999977052211,2.23000000000003));
#3946=CARTESIAN_POINT('',(-11.3000002503395,0.83749977052211,2.23000000000003));
#3947=CARTESIAN_POINT('',(-10.5000002503395,-0.40000022947789,2.23000000000003));
#3948=CARTESIAN_POINT('',(-11.1000002503395,-0.40000022947789,2.23000000000003));
#3949=CARTESIAN_POINT('',(-10.5000002503395,1.24999977052211,2.23000000000003));
#3950=CARTESIAN_POINT('',(-10.5000002503395,0.0124997705221096,2.23000000000003));
#3951=CARTESIAN_POINT('',(-10.7000002503395,1.24999977052211,2.23000000000003));
#3952=CARTESIAN_POINT('Origin',(-11.3000002503395,-0.40000022947789,1.63000000000003));
#3953=CARTESIAN_POINT('',(-11.3000002503395,-0.40000022947789,1.63000000000003));
#3954=CARTESIAN_POINT('',(-11.3000002503395,-0.40000022947789,1.63000000000003));
#3955=CARTESIAN_POINT('',(-10.5000002503395,-0.40000022947789,1.63000000000003));
#3956=CARTESIAN_POINT('',(-0.582500125169759,-0.40000022947789,1.63000000000003));
#3957=CARTESIAN_POINT('',(-10.5000002503395,-0.40000022947789,1.63000000000003));
#3958=CARTESIAN_POINT('Origin',(-11.3000002503395,1.24999977052211,1.63000000000003));
#3959=CARTESIAN_POINT('',(-11.3000002503395,1.24999977052211,1.63000000000003));
#3960=CARTESIAN_POINT('',(-11.3000002503395,1.24999977052211,1.63000000000003));
#3961=CARTESIAN_POINT('',(-11.3000002503395,0.624999885261055,1.63000000000003));
#3962=CARTESIAN_POINT('Origin',(3.33066907387547E-15,0.0449999999999995,
1.63000000000003));
#3963=CARTESIAN_POINT('',(-10.5000002503395,1.24999977052211,1.63000000000003));
#3964=CARTESIAN_POINT('',(-0.182500125169759,1.24999977052211,1.63000000000003));
#3965=CARTESIAN_POINT('',(-10.5000002503395,-0.200000114738945,1.63000000000003));
#3966=CARTESIAN_POINT('Origin',(-10.5000002503395,1.24999977052211,1.63000000000003));
#3967=CARTESIAN_POINT('',(-10.5000002503395,1.24999977052211,1.63000000000003));
#3968=CARTESIAN_POINT('Origin',(-10.5000002503395,-0.40000022947789,1.63000000000003));
#3969=CARTESIAN_POINT('Origin',(4.99999974966049,-3.67500022947789,2.23000000000003));
#3970=CARTESIAN_POINT('',(5.39999974966049,-2.85000022947789,2.23000000000003));
#3971=CARTESIAN_POINT('',(5.39999974966049,-4.50000022947789,2.23000000000003));
#3972=CARTESIAN_POINT('',(5.39999974966049,-4.08750022947789,2.23000000000003));
#3973=CARTESIAN_POINT('',(4.59999974966049,-2.85000022947789,2.23000000000003));
#3974=CARTESIAN_POINT('',(5.19999974966049,-2.85000022947789,2.23000000000003));
#3975=CARTESIAN_POINT('',(4.59999974966049,-4.50000022947789,2.23000000000003));
#3976=CARTESIAN_POINT('',(4.59999974966049,-3.26250022947789,2.23000000000003));
#3977=CARTESIAN_POINT('',(4.79999974966049,-4.50000022947789,2.23000000000003));
#3978=CARTESIAN_POINT('Origin',(5.39999974966049,-2.85000022947789,1.63000000000003));
#3979=CARTESIAN_POINT('',(5.39999974966049,-2.85000022947789,1.63000000000003));
#3980=CARTESIAN_POINT('',(5.39999974966049,-2.85000022947789,1.63000000000003));
#3981=CARTESIAN_POINT('',(4.59999974966049,-2.85000022947789,1.63000000000003));
#3982=CARTESIAN_POINT('',(7.56749987483025,-2.85000022947789,1.63000000000003));
#3983=CARTESIAN_POINT('',(4.59999974966049,-2.85000022947789,1.63000000000003));
#3984=CARTESIAN_POINT('Origin',(5.39999974966049,-4.50000022947789,1.63000000000003));
#3985=CARTESIAN_POINT('',(5.39999974966049,-4.50000022947789,1.63000000000003));
#3986=CARTESIAN_POINT('',(5.39999974966049,-4.50000022947789,1.63000000000003));
#3987=CARTESIAN_POINT('',(5.39999974966049,-4.30000011473894,1.63000000000003));
#3988=CARTESIAN_POINT('Origin',(-0.399999999999997,-4.055,1.63000000000003));
#3989=CARTESIAN_POINT('',(4.59999974966049,-4.50000022947789,1.63000000000003));
#3990=CARTESIAN_POINT('',(7.16749987483024,-4.50000022947789,1.63000000000003));
#3991=CARTESIAN_POINT('',(4.59999974966049,-3.47500011473894,1.63000000000003));
#3992=CARTESIAN_POINT('Origin',(4.59999974966049,-4.50000022947789,1.63000000000003));
#3993=CARTESIAN_POINT('',(4.59999974966049,-4.50000022947789,1.63000000000003));
#3994=CARTESIAN_POINT('Origin',(4.59999974966049,-2.85000022947789,1.63000000000003));
#3995=CARTESIAN_POINT('Origin',(-5.10000025033952,-3.6749999910593,2.23000000000003));
#3996=CARTESIAN_POINT('',(-4.70000025033952,-4.4999999910593,2.23000000000003));
#3997=CARTESIAN_POINT('',(-5.50000025033952,-4.4999999910593,2.23000000000003));
#3998=CARTESIAN_POINT('',(-5.30000025033952,-4.4999999910593,2.23000000000003));
#3999=CARTESIAN_POINT('',(-4.70000025033952,-2.8499999910593,2.23000000000003));
#4000=CARTESIAN_POINT('',(-4.70000025033952,-4.0874999910593,2.23000000000003));
#4001=CARTESIAN_POINT('',(-5.50000025033952,-2.8499999910593,2.23000000000003));
#4002=CARTESIAN_POINT('',(-4.90000025033952,-2.8499999910593,2.23000000000003));
#4003=CARTESIAN_POINT('',(-5.50000025033952,-3.2624999910593,2.23000000000003));
#4004=CARTESIAN_POINT('Origin',(-4.70000025033952,-4.4999999910593,1.63000000000003));
#4005=CARTESIAN_POINT('',(-4.70000025033952,-4.4999999910593,1.63000000000003));
#4006=CARTESIAN_POINT('',(-4.70000025033952,-4.4999999910593,1.63000000000003));
#4007=CARTESIAN_POINT('',(-4.70000025033952,-2.8499999910593,1.63000000000003));
#4008=CARTESIAN_POINT('',(-4.70000025033952,-4.29999987632035,1.63000000000003));
#4009=CARTESIAN_POINT('',(-4.70000025033952,-2.8499999910593,1.63000000000003));
#4010=CARTESIAN_POINT('Origin',(-5.50000025033952,-4.4999999910593,1.63000000000003));
#4011=CARTESIAN_POINT('',(-5.50000025033952,-4.4999999910593,1.63000000000003));
#4012=CARTESIAN_POINT('',(-5.50000025033952,-4.4999999910593,1.63000000000003));
#4013=CARTESIAN_POINT('',(1.61749987483024,-4.4999999910593,1.63000000000003));
#4014=CARTESIAN_POINT('Origin',(-1.4,-4.05499976158141,1.63000000000003));
#4015=CARTESIAN_POINT('',(-5.50000025033952,-2.8499999910593,1.63000000000003));
#4016=CARTESIAN_POINT('',(-5.50000025033952,-3.47499987632035,1.63000000000003));
#4017=CARTESIAN_POINT('',(2.01749987483024,-2.8499999910593,1.63000000000003));
#4018=CARTESIAN_POINT('Origin',(-5.50000025033952,-2.8499999910593,1.63000000000003));
#4019=CARTESIAN_POINT('',(-5.50000025033952,-2.8499999910593,1.63000000000003));
#4020=CARTESIAN_POINT('Origin',(-4.70000025033952,-2.8499999910593,1.63000000000003));
#4021=CARTESIAN_POINT('',(-3.33537517569553E-15,9.95761120319367,-5.62303686831147));
#4022=UNCERTAINTY_MEASURE_WITH_UNIT(LENGTH_MEASURE(0.01),#4028,
'DISTANCE_ACCURACY_VALUE',
'Maximum model space distance between geometric entities at asserted c
onnectivities');
#4023=UNCERTAINTY_MEASURE_WITH_UNIT(LENGTH_MEASURE(0.01),#4028,
'DISTANCE_ACCURACY_VALUE',
'Maximum model space distance between geometric entities at asserted c
onnectivities');
#4024=UNCERTAINTY_MEASURE_WITH_UNIT(LENGTH_MEASURE(0.01),#4028,
'DISTANCE_ACCURACY_VALUE',
'Maximum model space distance between geometric entities at asserted c
onnectivities');
#4025=(
GEOMETRIC_REPRESENTATION_CONTEXT(3)
GLOBAL_UNCERTAINTY_ASSIGNED_CONTEXT((#4022))
GLOBAL_UNIT_ASSIGNED_CONTEXT((#4028,#4030,#4031))
REPRESENTATION_CONTEXT('','3D')
);
#4026=(
GEOMETRIC_REPRESENTATION_CONTEXT(3)
GLOBAL_UNCERTAINTY_ASSIGNED_CONTEXT((#4023))
GLOBAL_UNIT_ASSIGNED_CONTEXT((#4028,#4030,#4031))
REPRESENTATION_CONTEXT('','3D')
);
#4027=(
GEOMETRIC_REPRESENTATION_CONTEXT(3)
GLOBAL_UNCERTAINTY_ASSIGNED_CONTEXT((#4024))
GLOBAL_UNIT_ASSIGNED_CONTEXT((#4028,#4030,#4031))
REPRESENTATION_CONTEXT('','3D')
);
#4028=(
LENGTH_UNIT()
NAMED_UNIT(*)
SI_UNIT(.MILLI.,.METRE.)
);
#4029=(
LENGTH_UNIT()
NAMED_UNIT(*)
SI_UNIT($,.METRE.)
);
#4030=(
NAMED_UNIT(*)
PLANE_ANGLE_UNIT()
SI_UNIT($,.RADIAN.)
);
#4031=(
NAMED_UNIT(*)
SI_UNIT($,.STERADIAN.)
SOLID_ANGLE_UNIT()
);
#4032=SHAPE_DEFINITION_REPRESENTATION(#4034,#4037);
#4033=SHAPE_DEFINITION_REPRESENTATION(#4035,#4038);
#4034=PRODUCT_DEFINITION_SHAPE('',$,#4040);
#4035=PRODUCT_DEFINITION_SHAPE('',$,#4041);
#4036=PRODUCT_DEFINITION_SHAPE($,$,#14);
#4037=SHAPE_REPRESENTATION('',(#2442,#2677),#4025);
#4038=SHAPE_REPRESENTATION('',(#2443),#4026);
#4039=PRODUCT_DEFINITION_CONTEXT('part definition',#4047,'design');
#4040=PRODUCT_DEFINITION('~current~b1-0.11','Eidon Tracker v40',#4042,#4039);
#4041=PRODUCT_DEFINITION('GY-BNO08X','GY-BNO08X',#4043,#4039);
#4042=PRODUCT_DEFINITION_FORMATION('',$,#4049);
#4043=PRODUCT_DEFINITION_FORMATION('',$,#4050);
#4044=PRODUCT_RELATED_PRODUCT_CATEGORY('Eidon Tracker v40',
'Eidon Tracker v40',(#4049));
#4045=PRODUCT_RELATED_PRODUCT_CATEGORY('GY-BNO08X','GY-BNO08X',(#4050));
#4046=APPLICATION_PROTOCOL_DEFINITION('international standard',
'automotive_design',2009,#4047);
#4047=APPLICATION_CONTEXT(
'Core Data for Automotive Mechanical Design Process');
#4048=PRODUCT_CONTEXT('part definition',#4047,'mechanical');
#4049=PRODUCT('~current~b1-0.11','Eidon Tracker v40','STEP AP214',(#4048));
#4050=PRODUCT('GY-BNO08X','GY-BNO08X',$,(#4048));
#4051=PRESENTATION_STYLE_ASSIGNMENT((#4057));
#4052=PRESENTATION_STYLE_ASSIGNMENT((#4058));
#4053=PRESENTATION_STYLE_ASSIGNMENT((#4059));
#4054=PRESENTATION_STYLE_ASSIGNMENT((#4060));
#4055=PRESENTATION_STYLE_ASSIGNMENT((#4061));
#4056=PRESENTATION_STYLE_ASSIGNMENT((#4062));
#4057=SURFACE_STYLE_USAGE(.BOTH.,#4063);
#4058=SURFACE_STYLE_USAGE(.BOTH.,#4064);
#4059=SURFACE_STYLE_USAGE(.BOTH.,#4065);
#4060=SURFACE_STYLE_USAGE(.BOTH.,#4066);
#4061=SURFACE_STYLE_USAGE(.BOTH.,#4067);
#4062=SURFACE_STYLE_USAGE(.BOTH.,#4068);
#4063=SURFACE_SIDE_STYLE('',(#4069));
#4064=SURFACE_SIDE_STYLE('',(#4070));
#4065=SURFACE_SIDE_STYLE('',(#4071));
#4066=SURFACE_SIDE_STYLE('',(#4072));
#4067=SURFACE_SIDE_STYLE('',(#4073));
#4068=SURFACE_SIDE_STYLE('',(#4074));
#4069=SURFACE_STYLE_FILL_AREA(#4075);
#4070=SURFACE_STYLE_FILL_AREA(#4076);
#4071=SURFACE_STYLE_FILL_AREA(#4077);
#4072=SURFACE_STYLE_FILL_AREA(#4078);
#4073=SURFACE_STYLE_FILL_AREA(#4079);
#4074=SURFACE_STYLE_FILL_AREA(#4080);
#4075=FILL_AREA_STYLE('Steel - Satin',(#4081));
#4076=FILL_AREA_STYLE('Opaque(38,38,38)',(#4082));
#4077=FILL_AREA_STYLE('Opaque(70,85,195)',(#4083));
#4078=FILL_AREA_STYLE('Gold - Polished',(#4084));
#4079=FILL_AREA_STYLE('Opaque(244,229,167)',(#4085));
#4080=FILL_AREA_STYLE('Opaque(187,197,203)',(#4086));
#4081=FILL_AREA_STYLE_COLOUR('Steel - Satin',#4087);
#4082=FILL_AREA_STYLE_COLOUR('Opaque(38,38,38)',#4088);
#4083=FILL_AREA_STYLE_COLOUR('Opaque(70,85,195)',#4089);
#4084=FILL_AREA_STYLE_COLOUR('Gold - Polished',#4090);
#4085=FILL_AREA_STYLE_COLOUR('Opaque(244,229,167)',#4091);
#4086=FILL_AREA_STYLE_COLOUR('Opaque(187,197,203)',#4092);
#4087=COLOUR_RGB('Steel - Satin',0.627450980392157,0.627450980392157,0.627450980392157);
#4088=COLOUR_RGB('Opaque(38,38,38)',0.149019607843137,0.149019607843137,
0.149019607843137);
#4089=COLOUR_RGB('Opaque(70,85,195)',0.274509803921569,0.333333333333333,
0.764705882352941);
#4090=COLOUR_RGB('Gold - Polished',0.956862745098039,0.898039215686275,
0.654901960784314);
#4091=COLOUR_RGB('Opaque(244,229,167)',0.956862745098039,0.898039215686275,
0.654901960784314);
#4092=COLOUR_RGB('Opaque(187,197,203)',0.733333333333333,0.772549019607843,
0.796078431372549);
ENDSEC;
END-ISO-10303-21;
